ISO-10303-21;
HEADER;
FILE_DESCRIPTION(('STEP AP242'),'1');
FILE_NAME('1468345.stp','2025-02-27T12:27:47',('TraceParts'),('TraceParts S.A.'),'Spatial InterOp 3D',' ',' ');
FILE_SCHEMA(('AP242_MANAGED_MODEL_BASED_3D_ENGINEERING_MIM_LF  {1 0 10303 442 1 1 4}'));
ENDSEC;
DATA;
#1=MECHANICAL_DESIGN_GEOMETRIC_PRESENTATION_REPRESENTATION(' ',(#10,#11,#12,#13,#14,#15,#16,#17,#18,#19,#20,#21,#22,#23,#24,#25,#26,#27,#28,#29,#30,#31,#32,#33,#34,#35,#36,#37,#38,#39,#40,#41,#42,#43,#44,#45,#46,#47,#48,#49,#50,#51,#52,#53,#54,#55,#56,#57,#58,#59,#60,#61,#62,#63,#64,#65,#66,#67,#68,#69,#70,#71,#72,#73,#74,#75,#76,#77,#78,#79,#80,#81,#82,#83,#84,#85,#86,#87,#88,#89,#90,#91,#92,#93,#94,#95,#96,#97,#98,#99,#100,#101,#102,#103,#104,#105,#106,#107,#108,#109,#110,#111,#112,#113,#114,#115,#116,#117,#118,#119,#120,#121,#122,#123,#124,#125,#126),#6);
#2=PRODUCT_DEFINITION_CONTEXT('',#127,'design');
#3=APPLICATION_PROTOCOL_DEFINITION('INTERNATIONAL STANDARD','ap242_managed_model_based_3d_engineering',2014,#127);
#4=PRODUCT_CATEGORY_RELATIONSHIP('NONE','NONE',#128,#129);
#5=SHAPE_DEFINITION_REPRESENTATION(#130,#131);
#6= (GEOMETRIC_REPRESENTATION_CONTEXT(3)GLOBAL_UNCERTAINTY_ASSIGNED_CONTEXT((#134))GLOBAL_UNIT_ASSIGNED_CONTEXT((#136,#137,#138))REPRESENTATION_CONTEXT('NONE','WORKSPACE'));
#10=STYLED_ITEM('',(#140),#141);
#11=STYLED_ITEM('',(#142),#143);
#12=STYLED_ITEM('',(#144),#145);
#13=STYLED_ITEM('',(#146),#147);
#14=STYLED_ITEM('',(#148),#149);
#15=STYLED_ITEM('',(#150),#151);
#16=STYLED_ITEM('',(#152),#153);
#17=STYLED_ITEM('',(#154),#155);
#18=STYLED_ITEM('',(#156),#157);
#19=STYLED_ITEM('',(#158),#159);
#20=STYLED_ITEM('',(#160),#161);
#21=STYLED_ITEM('',(#162),#163);
#22=STYLED_ITEM('',(#164),#165);
#23=STYLED_ITEM('',(#166),#167);
#24=STYLED_ITEM('',(#168),#169);
#25=STYLED_ITEM('',(#170),#171);
#26=STYLED_ITEM('',(#172),#173);
#27=STYLED_ITEM('',(#174),#175);
#28=STYLED_ITEM('',(#176),#177);
#29=STYLED_ITEM('',(#178),#179);
#30=STYLED_ITEM('',(#180),#181);
#31=STYLED_ITEM('',(#182),#183);
#32=STYLED_ITEM('',(#184),#185);
#33=STYLED_ITEM('',(#186),#187);
#34=STYLED_ITEM('',(#188),#189);
#35=STYLED_ITEM('',(#190),#191);
#36=STYLED_ITEM('',(#192),#193);
#37=STYLED_ITEM('',(#194),#195);
#38=STYLED_ITEM('',(#196),#197);
#39=STYLED_ITEM('',(#198),#199);
#40=STYLED_ITEM('',(#200),#201);
#41=STYLED_ITEM('',(#202),#203);
#42=STYLED_ITEM('',(#204),#205);
#43=STYLED_ITEM('',(#206),#207);
#44=STYLED_ITEM('',(#208),#209);
#45=STYLED_ITEM('',(#210),#211);
#46=STYLED_ITEM('',(#212),#213);
#47=STYLED_ITEM('',(#214),#215);
#48=STYLED_ITEM('',(#216),#217);
#49=STYLED_ITEM('',(#218),#219);
#50=STYLED_ITEM('',(#220),#221);
#51=STYLED_ITEM('',(#222),#223);
#52=STYLED_ITEM('',(#224),#225);
#53=STYLED_ITEM('',(#226),#227);
#54=STYLED_ITEM('',(#228),#229);
#55=STYLED_ITEM('',(#230),#231);
#56=STYLED_ITEM('',(#232),#233);
#57=STYLED_ITEM('',(#234),#235);
#58=STYLED_ITEM('',(#236),#237);
#59=STYLED_ITEM('',(#238),#239);
#60=STYLED_ITEM('',(#240),#241);
#61=STYLED_ITEM('',(#242),#243);
#62=STYLED_ITEM('',(#244),#245);
#63=STYLED_ITEM('',(#246),#247);
#64=STYLED_ITEM('',(#248),#249);
#65=STYLED_ITEM('',(#250),#251);
#66=STYLED_ITEM('',(#252),#253);
#67=STYLED_ITEM('',(#254),#255);
#68=STYLED_ITEM('',(#256),#257);
#69=STYLED_ITEM('',(#258),#259);
#70=STYLED_ITEM('',(#260),#261);
#71=STYLED_ITEM('',(#262),#263);
#72=STYLED_ITEM('',(#264),#265);
#73=STYLED_ITEM('',(#266),#267);
#74=STYLED_ITEM('',(#268),#269);
#75=STYLED_ITEM('',(#270),#271);
#76=STYLED_ITEM('',(#272),#273);
#77=STYLED_ITEM('',(#274),#275);
#78=STYLED_ITEM('',(#276),#277);
#79=STYLED_ITEM('',(#278),#279);
#80=STYLED_ITEM('',(#280),#281);
#81=STYLED_ITEM('',(#282),#283);
#82=STYLED_ITEM('',(#284),#285);
#83=STYLED_ITEM('',(#286),#287);
#84=STYLED_ITEM('',(#288),#289);
#85=STYLED_ITEM('',(#290),#291);
#86=STYLED_ITEM('',(#292),#293);
#87=STYLED_ITEM('',(#294),#295);
#88=STYLED_ITEM('',(#296),#297);
#89=STYLED_ITEM('',(#298),#299);
#90=STYLED_ITEM('',(#300),#301);
#91=STYLED_ITEM('',(#302),#303);
#92=STYLED_ITEM('',(#304),#305);
#93=STYLED_ITEM('',(#306),#307);
#94=STYLED_ITEM('',(#308),#309);
#95=STYLED_ITEM('',(#310),#311);
#96=STYLED_ITEM('',(#312),#313);
#97=STYLED_ITEM('',(#314),#315);
#98=STYLED_ITEM('',(#316),#317);
#99=STYLED_ITEM('',(#318),#319);
#100=STYLED_ITEM('',(#320),#321);
#101=STYLED_ITEM('',(#322),#323);
#102=STYLED_ITEM('',(#324),#325);
#103=STYLED_ITEM('',(#326),#327);
#104=STYLED_ITEM('',(#328),#329);
#105=STYLED_ITEM('',(#330),#331);
#106=STYLED_ITEM('',(#332),#333);
#107=STYLED_ITEM('',(#334),#335);
#108=STYLED_ITEM('',(#336),#337);
#109=STYLED_ITEM('',(#338),#339);
#110=STYLED_ITEM('',(#340),#341);
#111=STYLED_ITEM('',(#342),#343);
#112=STYLED_ITEM('',(#344),#345);
#113=STYLED_ITEM('',(#346),#347);
#114=STYLED_ITEM('',(#348),#349);
#115=STYLED_ITEM('',(#350),#351);
#116=STYLED_ITEM('',(#352),#353);
#117=STYLED_ITEM('',(#354),#355);
#118=STYLED_ITEM('',(#356),#357);
#119=STYLED_ITEM('',(#358),#359);
#120=STYLED_ITEM('',(#360),#361);
#121=STYLED_ITEM('',(#362),#363);
#122=STYLED_ITEM('',(#364),#365);
#123=STYLED_ITEM('',(#366),#367);
#124=STYLED_ITEM('',(#368),#369);
#125=STYLED_ITEM('',(#370),#371);
#126=STYLED_ITEM('',(#372),#373);
#127=APPLICATION_CONTEXT('managed model based 3d engineering');
#128=PRODUCT_CATEGORY('part','NONE');
#129=PRODUCT_RELATED_PRODUCT_CATEGORY('detail',' ',(#374));
#130=PRODUCT_DEFINITION_SHAPE('NONE','NONE',#375);
#131=ADVANCED_BREP_SHAPE_REPRESENTATION('1468345',(#376,#377),#6);
#134=UNCERTAINTY_MEASURE_WITH_UNIT(LENGTH_MEASURE(1.0E-06),#136,'','');
#136= (CONVERSION_BASED_UNIT('MILLIMETRE',#380)LENGTH_UNIT()NAMED_UNIT(#383));
#137= (NAMED_UNIT(#385)PLANE_ANGLE_UNIT()SI_UNIT($,.RADIAN.));
#138= (NAMED_UNIT(#385)SOLID_ANGLE_UNIT()SI_UNIT($,.STERADIAN.));
#140=PRESENTATION_STYLE_ASSIGNMENT((#391));
#141=ADVANCED_FACE('',(#392),#393,.F.);
#142=PRESENTATION_STYLE_ASSIGNMENT((#394));
#143=ADVANCED_FACE('',(#395),#396,.F.);
#144=PRESENTATION_STYLE_ASSIGNMENT((#397));
#145=ADVANCED_FACE('',(#398),#399,.T.);
#146=PRESENTATION_STYLE_ASSIGNMENT((#400));
#147=ADVANCED_FACE('',(#401),#402,.T.);
#148=PRESENTATION_STYLE_ASSIGNMENT((#403));
#149=ADVANCED_FACE('',(#404),#405,.T.);
#150=PRESENTATION_STYLE_ASSIGNMENT((#406));
#151=ADVANCED_FACE('',(#407),#408,.T.);
#152=PRESENTATION_STYLE_ASSIGNMENT((#409));
#153=ADVANCED_FACE('',(#410),#411,.F.);
#154=PRESENTATION_STYLE_ASSIGNMENT((#412));
#155=ADVANCED_FACE('',(#413),#414,.T.);
#156=PRESENTATION_STYLE_ASSIGNMENT((#415));
#157=ADVANCED_FACE('',(#416),#417,.T.);
#158=PRESENTATION_STYLE_ASSIGNMENT((#418));
#159=ADVANCED_FACE('',(#419),#420,.T.);
#160=PRESENTATION_STYLE_ASSIGNMENT((#421));
#161=ADVANCED_FACE('',(#422),#423,.F.);
#162=PRESENTATION_STYLE_ASSIGNMENT((#424));
#163=ADVANCED_FACE('',(#425),#426,.T.);
#164=PRESENTATION_STYLE_ASSIGNMENT((#427));
#165=ADVANCED_FACE('',(#428),#429,.T.);
#166=PRESENTATION_STYLE_ASSIGNMENT((#430));
#167=ADVANCED_FACE('',(#431),#432,.T.);
#168=PRESENTATION_STYLE_ASSIGNMENT((#433));
#169=ADVANCED_FACE('',(#434),#435,.T.);
#170=PRESENTATION_STYLE_ASSIGNMENT((#436));
#171=ADVANCED_FACE('',(#437),#438,.T.);
#172=PRESENTATION_STYLE_ASSIGNMENT((#439));
#173=ADVANCED_FACE('',(#440),#441,.T.);
#174=PRESENTATION_STYLE_ASSIGNMENT((#442));
#175=ADVANCED_FACE('',(#443),#444,.F.);
#176=PRESENTATION_STYLE_ASSIGNMENT((#445));
#177=ADVANCED_FACE('',(#446),#447,.T.);
#178=PRESENTATION_STYLE_ASSIGNMENT((#448));
#179=ADVANCED_FACE('',(#449),#450,.T.);
#180=PRESENTATION_STYLE_ASSIGNMENT((#451));
#181=ADVANCED_FACE('',(#452),#453,.T.);
#182=PRESENTATION_STYLE_ASSIGNMENT((#454));
#183=ADVANCED_FACE('',(#455),#456,.T.);
#184=PRESENTATION_STYLE_ASSIGNMENT((#457));
#185=ADVANCED_FACE('',(#458),#459,.T.);
#186=PRESENTATION_STYLE_ASSIGNMENT((#460));
#187=ADVANCED_FACE('',(#461),#462,.T.);
#188=PRESENTATION_STYLE_ASSIGNMENT((#463));
#189=ADVANCED_FACE('',(#464),#465,.T.);
#190=PRESENTATION_STYLE_ASSIGNMENT((#466));
#191=ADVANCED_FACE('',(#467),#468,.T.);
#192=PRESENTATION_STYLE_ASSIGNMENT((#469));
#193=ADVANCED_FACE('',(#470),#471,.T.);
#194=PRESENTATION_STYLE_ASSIGNMENT((#472));
#195=ADVANCED_FACE('',(#473),#474,.T.);
#196=PRESENTATION_STYLE_ASSIGNMENT((#475));
#197=ADVANCED_FACE('',(#476),#477,.T.);
#198=PRESENTATION_STYLE_ASSIGNMENT((#478));
#199=ADVANCED_FACE('',(#479),#480,.T.);
#200=PRESENTATION_STYLE_ASSIGNMENT((#481));
#201=ADVANCED_FACE('',(#482),#483,.T.);
#202=PRESENTATION_STYLE_ASSIGNMENT((#484));
#203=ADVANCED_FACE('',(#485),#486,.T.);
#204=PRESENTATION_STYLE_ASSIGNMENT((#487));
#205=ADVANCED_FACE('',(#488),#489,.F.);
#206=PRESENTATION_STYLE_ASSIGNMENT((#490));
#207=ADVANCED_FACE('',(#491),#492,.F.);
#208=PRESENTATION_STYLE_ASSIGNMENT((#493));
#209=ADVANCED_FACE('',(#494),#495,.F.);
#210=PRESENTATION_STYLE_ASSIGNMENT((#496));
#211=ADVANCED_FACE('',(#497),#498,.F.);
#212=PRESENTATION_STYLE_ASSIGNMENT((#499));
#213=ADVANCED_FACE('',(#500),#501,.T.);
#214=PRESENTATION_STYLE_ASSIGNMENT((#502));
#215=ADVANCED_FACE('',(#503),#504,.T.);
#216=PRESENTATION_STYLE_ASSIGNMENT((#505));
#217=ADVANCED_FACE('',(#506),#507,.T.);
#218=PRESENTATION_STYLE_ASSIGNMENT((#508));
#219=ADVANCED_FACE('',(#509),#510,.F.);
#220=PRESENTATION_STYLE_ASSIGNMENT((#511));
#221=ADVANCED_FACE('',(#512),#513,.T.);
#222=PRESENTATION_STYLE_ASSIGNMENT((#514));
#223=ADVANCED_FACE('',(#515),#516,.T.);
#224=PRESENTATION_STYLE_ASSIGNMENT((#517));
#225=ADVANCED_FACE('',(#518),#519,.T.);
#226=PRESENTATION_STYLE_ASSIGNMENT((#520));
#227=ADVANCED_FACE('',(#521),#522,.F.);
#228=PRESENTATION_STYLE_ASSIGNMENT((#523));
#229=ADVANCED_FACE('',(#524),#525,.T.);
#230=PRESENTATION_STYLE_ASSIGNMENT((#526));
#231=ADVANCED_FACE('',(#527),#528,.T.);
#232=PRESENTATION_STYLE_ASSIGNMENT((#529));
#233=ADVANCED_FACE('',(#530),#531,.T.);
#234=PRESENTATION_STYLE_ASSIGNMENT((#532));
#235=ADVANCED_FACE('',(#533),#534,.T.);
#236=PRESENTATION_STYLE_ASSIGNMENT((#535));
#237=ADVANCED_FACE('',(#536),#537,.T.);
#238=PRESENTATION_STYLE_ASSIGNMENT((#538));
#239=ADVANCED_FACE('',(#539),#540,.T.);
#240=PRESENTATION_STYLE_ASSIGNMENT((#541));
#241=ADVANCED_FACE('',(#542),#543,.F.);
#242=PRESENTATION_STYLE_ASSIGNMENT((#544));
#243=ADVANCED_FACE('',(#545),#546,.T.);
#244=PRESENTATION_STYLE_ASSIGNMENT((#547));
#245=ADVANCED_FACE('',(#548),#549,.T.);
#246=PRESENTATION_STYLE_ASSIGNMENT((#550));
#247=ADVANCED_FACE('',(#551),#552,.T.);
#248=PRESENTATION_STYLE_ASSIGNMENT((#553));
#249=ADVANCED_FACE('',(#554),#555,.T.);
#250=PRESENTATION_STYLE_ASSIGNMENT((#556));
#251=ADVANCED_FACE('',(#557),#558,.T.);
#252=PRESENTATION_STYLE_ASSIGNMENT((#559));
#253=ADVANCED_FACE('',(#560),#561,.T.);
#254=PRESENTATION_STYLE_ASSIGNMENT((#562));
#255=ADVANCED_FACE('',(#563),#564,.T.);
#256=PRESENTATION_STYLE_ASSIGNMENT((#565));
#257=ADVANCED_FACE('',(#566),#567,.T.);
#258=PRESENTATION_STYLE_ASSIGNMENT((#568));
#259=ADVANCED_FACE('',(#569),#570,.T.);
#260=PRESENTATION_STYLE_ASSIGNMENT((#571));
#261=ADVANCED_FACE('',(#572),#573,.T.);
#262=PRESENTATION_STYLE_ASSIGNMENT((#574));
#263=ADVANCED_FACE('',(#575),#576,.T.);
#264=PRESENTATION_STYLE_ASSIGNMENT((#577));
#265=ADVANCED_FACE('',(#578),#579,.T.);
#266=PRESENTATION_STYLE_ASSIGNMENT((#580));
#267=ADVANCED_FACE('',(#581),#582,.T.);
#268=PRESENTATION_STYLE_ASSIGNMENT((#583));
#269=ADVANCED_FACE('',(#584),#585,.T.);
#270=PRESENTATION_STYLE_ASSIGNMENT((#586));
#271=ADVANCED_FACE('',(#587),#588,.F.);
#272=PRESENTATION_STYLE_ASSIGNMENT((#589));
#273=ADVANCED_FACE('',(#590),#591,.F.);
#274=PRESENTATION_STYLE_ASSIGNMENT((#592));
#275=ADVANCED_FACE('',(#593),#594,.F.);
#276=PRESENTATION_STYLE_ASSIGNMENT((#595));
#277=ADVANCED_FACE('',(#596),#597,.F.);
#278=PRESENTATION_STYLE_ASSIGNMENT((#598));
#279=ADVANCED_FACE('',(#599),#600,.T.);
#280=PRESENTATION_STYLE_ASSIGNMENT((#601));
#281=ADVANCED_FACE('',(#602),#603,.T.);
#282=PRESENTATION_STYLE_ASSIGNMENT((#604));
#283=ADVANCED_FACE('',(#605),#606,.T.);
#284=PRESENTATION_STYLE_ASSIGNMENT((#607));
#285=ADVANCED_FACE('',(#608),#609,.T.);
#286=PRESENTATION_STYLE_ASSIGNMENT((#610));
#287=ADVANCED_FACE('',(#611),#612,.F.);
#288=PRESENTATION_STYLE_ASSIGNMENT((#613));
#289=ADVANCED_FACE('',(#614),#615,.T.);
#290=PRESENTATION_STYLE_ASSIGNMENT((#616));
#291=ADVANCED_FACE('',(#617),#618,.T.);
#292=PRESENTATION_STYLE_ASSIGNMENT((#619));
#293=ADVANCED_FACE('',(#620),#621,.T.);
#294=PRESENTATION_STYLE_ASSIGNMENT((#622));
#295=ADVANCED_FACE('',(#623),#624,.T.);
#296=PRESENTATION_STYLE_ASSIGNMENT((#625));
#297=ADVANCED_FACE('',(#626),#627,.T.);
#298=PRESENTATION_STYLE_ASSIGNMENT((#628));
#299=ADVANCED_FACE('',(#629),#630,.F.);
#300=PRESENTATION_STYLE_ASSIGNMENT((#631));
#301=ADVANCED_FACE('',(#632),#633,.T.);
#302=PRESENTATION_STYLE_ASSIGNMENT((#634));
#303=ADVANCED_FACE('',(#635),#636,.T.);
#304=PRESENTATION_STYLE_ASSIGNMENT((#637));
#305=ADVANCED_FACE('',(#638),#639,.F.);
#306=PRESENTATION_STYLE_ASSIGNMENT((#640));
#307=ADVANCED_FACE('',(#641),#642,.T.);
#308=PRESENTATION_STYLE_ASSIGNMENT((#643));
#309=ADVANCED_FACE('',(#644),#645,.T.);
#310=PRESENTATION_STYLE_ASSIGNMENT((#646));
#311=ADVANCED_FACE('',(#647),#648,.T.);
#312=PRESENTATION_STYLE_ASSIGNMENT((#649));
#313=ADVANCED_FACE('',(#650),#651,.F.);
#314=PRESENTATION_STYLE_ASSIGNMENT((#652));
#315=ADVANCED_FACE('',(#653),#654,.T.);
#316=PRESENTATION_STYLE_ASSIGNMENT((#655));
#317=ADVANCED_FACE('',(#656),#657,.T.);
#318=PRESENTATION_STYLE_ASSIGNMENT((#658));
#319=ADVANCED_FACE('',(#659),#660,.T.);
#320=PRESENTATION_STYLE_ASSIGNMENT((#661));
#321=ADVANCED_FACE('',(#662),#663,.F.);
#322=PRESENTATION_STYLE_ASSIGNMENT((#664));
#323=ADVANCED_FACE('',(#665),#666,.F.);
#324=PRESENTATION_STYLE_ASSIGNMENT((#667));
#325=ADVANCED_FACE('',(#668),#669,.F.);
#326=PRESENTATION_STYLE_ASSIGNMENT((#670));
#327=ADVANCED_FACE('',(#671),#672,.F.);
#328=PRESENTATION_STYLE_ASSIGNMENT((#673));
#329=ADVANCED_FACE('',(#674),#675,.F.);
#330=PRESENTATION_STYLE_ASSIGNMENT((#676));
#331=ADVANCED_FACE('',(#677),#678,.F.);
#332=PRESENTATION_STYLE_ASSIGNMENT((#679));
#333=ADVANCED_FACE('',(#680),#681,.F.);
#334=PRESENTATION_STYLE_ASSIGNMENT((#682));
#335=ADVANCED_FACE('',(#683),#684,.F.);
#336=PRESENTATION_STYLE_ASSIGNMENT((#685));
#337=ADVANCED_FACE('',(#686),#687,.F.);
#338=PRESENTATION_STYLE_ASSIGNMENT((#688));
#339=ADVANCED_FACE('',(#689),#690,.F.);
#340=PRESENTATION_STYLE_ASSIGNMENT((#691));
#341=ADVANCED_FACE('',(#692),#693,.F.);
#342=PRESENTATION_STYLE_ASSIGNMENT((#694));
#343=ADVANCED_FACE('',(#695),#696,.F.);
#344=PRESENTATION_STYLE_ASSIGNMENT((#697));
#345=ADVANCED_FACE('',(#698),#699,.F.);
#346=PRESENTATION_STYLE_ASSIGNMENT((#700));
#347=ADVANCED_FACE('',(#701),#702,.F.);
#348=PRESENTATION_STYLE_ASSIGNMENT((#703));
#349=ADVANCED_FACE('',(#704),#705,.F.);
#350=PRESENTATION_STYLE_ASSIGNMENT((#706));
#351=ADVANCED_FACE('',(#707,#708),#709,.F.);
#352=PRESENTATION_STYLE_ASSIGNMENT((#710));
#353=ADVANCED_FACE('',(#711),#712,.F.);
#354=PRESENTATION_STYLE_ASSIGNMENT((#713));
#355=ADVANCED_FACE('',(#714,#715),#716,.F.);
#356=PRESENTATION_STYLE_ASSIGNMENT((#717));
#357=ADVANCED_FACE('',(#718),#719,.T.);
#358=PRESENTATION_STYLE_ASSIGNMENT((#720));
#359=ADVANCED_FACE('',(#721),#722,.T.);
#360=PRESENTATION_STYLE_ASSIGNMENT((#723));
#361=ADVANCED_FACE('',(#724,#725,#726),#727,.T.);
#362=PRESENTATION_STYLE_ASSIGNMENT((#728));
#363=ADVANCED_FACE('',(#729),#730,.T.);
#364=PRESENTATION_STYLE_ASSIGNMENT((#731));
#365=ADVANCED_FACE('',(#732),#733,.T.);
#366=PRESENTATION_STYLE_ASSIGNMENT((#734));
#367=ADVANCED_FACE('',(#735,#736,#737),#738,.T.);
#368=PRESENTATION_STYLE_ASSIGNMENT((#739));
#369=ADVANCED_FACE('',(#740,#741,#742),#743,.T.);
#370=PRESENTATION_STYLE_ASSIGNMENT((#744));
#371=ADVANCED_FACE('',(#745),#746,.T.);
#372=PRESENTATION_STYLE_ASSIGNMENT((#747));
#373=ADVANCED_FACE('',(#748),#749,.F.);
#374=PRODUCT('1468345','1468345','PART-1468345-DESC',(#750));
#375=PRODUCT_DEFINITION('','NONE',#751,#2);
#376=MANIFOLD_SOLID_BREP('1468345',#752);
#377=AXIS2_PLACEMENT_3D('',#753,#754,#755);
#380=LENGTH_MEASURE_WITH_UNIT(LENGTH_MEASURE(1.0),#756);
#383=DIMENSIONAL_EXPONENTS(1.0,0.0,0.0,0.0,0.0,0.0,0.0);
#385=DIMENSIONAL_EXPONENTS(0.0,0.0,0.0,0.0,0.0,0.0,0.0);
#391=SURFACE_STYLE_USAGE(.BOTH.,#757);
#392=FACE_OUTER_BOUND('',#758,.T.);
#393=CYLINDRICAL_SURFACE('',#759,2.1);
#394=SURFACE_STYLE_USAGE(.BOTH.,#760);
#395=FACE_OUTER_BOUND('',#761,.T.);
#396=CYLINDRICAL_SURFACE('',#762,2.1);
#397=SURFACE_STYLE_USAGE(.BOTH.,#763);
#398=FACE_OUTER_BOUND('',#764,.T.);
#399=CYLINDRICAL_SURFACE('',#765,2.0);
#400=SURFACE_STYLE_USAGE(.BOTH.,#766);
#401=FACE_OUTER_BOUND('',#767,.T.);
#402=CYLINDRICAL_SURFACE('',#768,2.0);
#403=SURFACE_STYLE_USAGE(.BOTH.,#769);
#404=FACE_OUTER_BOUND('',#770,.T.);
#405=PLANE('',#771);
#406=SURFACE_STYLE_USAGE(.BOTH.,#772);
#407=FACE_OUTER_BOUND('',#773,.T.);
#408=PLANE('',#774);
#409=SURFACE_STYLE_USAGE(.BOTH.,#775);
#410=FACE_OUTER_BOUND('',#776,.T.);
#411=PLANE('',#777);
#412=SURFACE_STYLE_USAGE(.BOTH.,#778);
#413=FACE_OUTER_BOUND('',#779,.T.);
#414=PLANE('',#780);
#415=SURFACE_STYLE_USAGE(.BOTH.,#781);
#416=FACE_OUTER_BOUND('',#782,.T.);
#417=PLANE('',#783);
#418=SURFACE_STYLE_USAGE(.BOTH.,#784);
#419=FACE_OUTER_BOUND('',#785,.T.);
#420=PLANE('',#786);
#421=SURFACE_STYLE_USAGE(.BOTH.,#787);
#422=FACE_OUTER_BOUND('',#788,.T.);
#423=PLANE('',#789);
#424=SURFACE_STYLE_USAGE(.BOTH.,#790);
#425=FACE_OUTER_BOUND('',#791,.T.);
#426=PLANE('',#792);
#427=SURFACE_STYLE_USAGE(.BOTH.,#793);
#428=FACE_OUTER_BOUND('',#794,.T.);
#429=PLANE('',#795);
#430=SURFACE_STYLE_USAGE(.BOTH.,#796);
#431=FACE_OUTER_BOUND('',#797,.T.);
#432=PLANE('',#798);
#433=SURFACE_STYLE_USAGE(.BOTH.,#799);
#434=FACE_OUTER_BOUND('',#800,.T.);
#435=PLANE('',#801);
#436=SURFACE_STYLE_USAGE(.BOTH.,#802);
#437=FACE_OUTER_BOUND('',#803,.T.);
#438=PLANE('',#804);
#439=SURFACE_STYLE_USAGE(.BOTH.,#805);
#440=FACE_OUTER_BOUND('',#806,.T.);
#441=PLANE('',#807);
#442=SURFACE_STYLE_USAGE(.BOTH.,#808);
#443=FACE_OUTER_BOUND('',#809,.T.);
#444=PLANE('',#810);
#445=SURFACE_STYLE_USAGE(.BOTH.,#811);
#446=FACE_OUTER_BOUND('',#812,.T.);
#447=PLANE('',#813);
#448=SURFACE_STYLE_USAGE(.BOTH.,#814);
#449=FACE_OUTER_BOUND('',#815,.T.);
#450=PLANE('',#816);
#451=SURFACE_STYLE_USAGE(.BOTH.,#817);
#452=FACE_OUTER_BOUND('',#818,.T.);
#453=PLANE('',#819);
#454=SURFACE_STYLE_USAGE(.BOTH.,#820);
#455=FACE_OUTER_BOUND('',#821,.T.);
#456=CYLINDRICAL_SURFACE('',#822,0.25);
#457=SURFACE_STYLE_USAGE(.BOTH.,#823);
#458=FACE_OUTER_BOUND('',#824,.T.);
#459=PLANE('',#825);
#460=SURFACE_STYLE_USAGE(.BOTH.,#826);
#461=FACE_OUTER_BOUND('',#827,.T.);
#462=CYLINDRICAL_SURFACE('',#828,0.5);
#463=SURFACE_STYLE_USAGE(.BOTH.,#829);
#464=FACE_OUTER_BOUND('',#830,.T.);
#465=PLANE('',#831);
#466=SURFACE_STYLE_USAGE(.BOTH.,#832);
#467=FACE_OUTER_BOUND('',#833,.T.);
#468=PLANE('',#834);
#469=SURFACE_STYLE_USAGE(.BOTH.,#835);
#470=FACE_OUTER_BOUND('',#836,.T.);
#471=CYLINDRICAL_SURFACE('',#837,0.25);
#472=SURFACE_STYLE_USAGE(.BOTH.,#838);
#473=FACE_OUTER_BOUND('',#839,.T.);
#474=CYLINDRICAL_SURFACE('',#840,0.25);
#475=SURFACE_STYLE_USAGE(.BOTH.,#841);
#476=FACE_OUTER_BOUND('',#842,.T.);
#477=PLANE('',#843);
#478=SURFACE_STYLE_USAGE(.BOTH.,#844);
#479=FACE_OUTER_BOUND('',#845,.T.);
#480=CYLINDRICAL_SURFACE('',#846,0.375);
#481=SURFACE_STYLE_USAGE(.BOTH.,#847);
#482=FACE_OUTER_BOUND('',#848,.T.);
#483=PLANE('',#849);
#484=SURFACE_STYLE_USAGE(.BOTH.,#850);
#485=FACE_OUTER_BOUND('',#851,.T.);
#486=CYLINDRICAL_SURFACE('',#852,0.375);
#487=SURFACE_STYLE_USAGE(.BOTH.,#853);
#488=FACE_OUTER_BOUND('',#854,.T.);
#489=PLANE('',#855);
#490=SURFACE_STYLE_USAGE(.BOTH.,#856);
#491=FACE_OUTER_BOUND('',#857,.T.);
#492=PLANE('',#858);
#493=SURFACE_STYLE_USAGE(.BOTH.,#859);
#494=FACE_OUTER_BOUND('',#860,.T.);
#495=PLANE('',#861);
#496=SURFACE_STYLE_USAGE(.BOTH.,#862);
#497=FACE_OUTER_BOUND('',#863,.T.);
#498=PLANE('',#864);
#499=SURFACE_STYLE_USAGE(.BOTH.,#865);
#500=FACE_OUTER_BOUND('',#866,.T.);
#501=PLANE('',#867);
#502=SURFACE_STYLE_USAGE(.BOTH.,#868);
#503=FACE_OUTER_BOUND('',#869,.T.);
#504=PLANE('',#870);
#505=SURFACE_STYLE_USAGE(.BOTH.,#871);
#506=FACE_OUTER_BOUND('',#872,.T.);
#507=PLANE('',#873);
#508=SURFACE_STYLE_USAGE(.BOTH.,#874);
#509=FACE_OUTER_BOUND('',#875,.T.);
#510=PLANE('',#876);
#511=SURFACE_STYLE_USAGE(.BOTH.,#877);
#512=FACE_OUTER_BOUND('',#878,.T.);
#513=PLANE('',#879);
#514=SURFACE_STYLE_USAGE(.BOTH.,#880);
#515=FACE_OUTER_BOUND('',#881,.T.);
#516=PLANE('',#882);
#517=SURFACE_STYLE_USAGE(.BOTH.,#883);
#518=FACE_OUTER_BOUND('',#884,.T.);
#519=PLANE('',#885);
#520=SURFACE_STYLE_USAGE(.BOTH.,#886);
#521=FACE_OUTER_BOUND('',#887,.T.);
#522=PLANE('',#888);
#523=SURFACE_STYLE_USAGE(.BOTH.,#889);
#524=FACE_OUTER_BOUND('',#890,.T.);
#525=PLANE('',#891);
#526=SURFACE_STYLE_USAGE(.BOTH.,#892);
#527=FACE_OUTER_BOUND('',#893,.T.);
#528=PLANE('',#894);
#529=SURFACE_STYLE_USAGE(.BOTH.,#895);
#530=FACE_OUTER_BOUND('',#896,.T.);
#531=PLANE('',#897);
#532=SURFACE_STYLE_USAGE(.BOTH.,#898);
#533=FACE_OUTER_BOUND('',#899,.T.);
#534=PLANE('',#900);
#535=SURFACE_STYLE_USAGE(.BOTH.,#901);
#536=FACE_OUTER_BOUND('',#902,.T.);
#537=PLANE('',#903);
#538=SURFACE_STYLE_USAGE(.BOTH.,#904);
#539=FACE_OUTER_BOUND('',#905,.T.);
#540=PLANE('',#906);
#541=SURFACE_STYLE_USAGE(.BOTH.,#907);
#542=FACE_OUTER_BOUND('',#908,.T.);
#543=PLANE('',#909);
#544=SURFACE_STYLE_USAGE(.BOTH.,#910);
#545=FACE_OUTER_BOUND('',#911,.T.);
#546=PLANE('',#912);
#547=SURFACE_STYLE_USAGE(.BOTH.,#913);
#548=FACE_OUTER_BOUND('',#914,.T.);
#549=PLANE('',#915);
#550=SURFACE_STYLE_USAGE(.BOTH.,#916);
#551=FACE_OUTER_BOUND('',#917,.T.);
#552=PLANE('',#918);
#553=SURFACE_STYLE_USAGE(.BOTH.,#919);
#554=FACE_OUTER_BOUND('',#920,.T.);
#555=CYLINDRICAL_SURFACE('',#921,0.25);
#556=SURFACE_STYLE_USAGE(.BOTH.,#922);
#557=FACE_OUTER_BOUND('',#923,.T.);
#558=PLANE('',#924);
#559=SURFACE_STYLE_USAGE(.BOTH.,#925);
#560=FACE_OUTER_BOUND('',#926,.T.);
#561=CYLINDRICAL_SURFACE('',#927,0.5);
#562=SURFACE_STYLE_USAGE(.BOTH.,#928);
#563=FACE_OUTER_BOUND('',#929,.T.);
#564=PLANE('',#930);
#565=SURFACE_STYLE_USAGE(.BOTH.,#931);
#566=FACE_OUTER_BOUND('',#932,.T.);
#567=PLANE('',#933);
#568=SURFACE_STYLE_USAGE(.BOTH.,#934);
#569=FACE_OUTER_BOUND('',#935,.T.);
#570=CYLINDRICAL_SURFACE('',#936,0.25);
#571=SURFACE_STYLE_USAGE(.BOTH.,#937);
#572=FACE_OUTER_BOUND('',#938,.T.);
#573=CYLINDRICAL_SURFACE('',#939,0.25);
#574=SURFACE_STYLE_USAGE(.BOTH.,#940);
#575=FACE_OUTER_BOUND('',#941,.T.);
#576=PLANE('',#942);
#577=SURFACE_STYLE_USAGE(.BOTH.,#943);
#578=FACE_OUTER_BOUND('',#944,.T.);
#579=CYLINDRICAL_SURFACE('',#945,0.375);
#580=SURFACE_STYLE_USAGE(.BOTH.,#946);
#581=FACE_OUTER_BOUND('',#947,.T.);
#582=PLANE('',#948);
#583=SURFACE_STYLE_USAGE(.BOTH.,#949);
#584=FACE_OUTER_BOUND('',#950,.T.);
#585=CYLINDRICAL_SURFACE('',#951,0.375);
#586=SURFACE_STYLE_USAGE(.BOTH.,#952);
#587=FACE_OUTER_BOUND('',#953,.T.);
#588=PLANE('',#954);
#589=SURFACE_STYLE_USAGE(.BOTH.,#955);
#590=FACE_OUTER_BOUND('',#956,.T.);
#591=PLANE('',#957);
#592=SURFACE_STYLE_USAGE(.BOTH.,#958);
#593=FACE_OUTER_BOUND('',#959,.T.);
#594=PLANE('',#960);
#595=SURFACE_STYLE_USAGE(.BOTH.,#961);
#596=FACE_OUTER_BOUND('',#962,.T.);
#597=PLANE('',#963);
#598=SURFACE_STYLE_USAGE(.BOTH.,#964);
#599=FACE_OUTER_BOUND('',#965,.T.);
#600=PLANE('',#966);
#601=SURFACE_STYLE_USAGE(.BOTH.,#967);
#602=FACE_OUTER_BOUND('',#968,.T.);
#603=CYLINDRICAL_SURFACE('',#969,2.0);
#604=SURFACE_STYLE_USAGE(.BOTH.,#970);
#605=FACE_OUTER_BOUND('',#971,.T.);
#606=PLANE('',#972);
#607=SURFACE_STYLE_USAGE(.BOTH.,#973);
#608=FACE_OUTER_BOUND('',#974,.T.);
#609=PLANE('',#975);
#610=SURFACE_STYLE_USAGE(.BOTH.,#976);
#611=FACE_OUTER_BOUND('',#977,.T.);
#612=PLANE('',#978);
#613=SURFACE_STYLE_USAGE(.BOTH.,#979);
#614=FACE_OUTER_BOUND('',#980,.T.);
#615=PLANE('',#981);
#616=SURFACE_STYLE_USAGE(.BOTH.,#982);
#617=FACE_OUTER_BOUND('',#983,.T.);
#618=PLANE('',#984);
#619=SURFACE_STYLE_USAGE(.BOTH.,#985);
#620=FACE_OUTER_BOUND('',#986,.T.);
#621=CYLINDRICAL_SURFACE('',#987,2.0);
#622=SURFACE_STYLE_USAGE(.BOTH.,#988);
#623=FACE_OUTER_BOUND('',#989,.T.);
#624=PLANE('',#990);
#625=SURFACE_STYLE_USAGE(.BOTH.,#991);
#626=FACE_OUTER_BOUND('',#992,.T.);
#627=PLANE('',#993);
#628=SURFACE_STYLE_USAGE(.BOTH.,#994);
#629=FACE_OUTER_BOUND('',#995,.T.);
#630=PLANE('',#996);
#631=SURFACE_STYLE_USAGE(.BOTH.,#997);
#632=FACE_OUTER_BOUND('',#998,.T.);
#633=PLANE('',#999);
#634=SURFACE_STYLE_USAGE(.BOTH.,#1000);
#635=FACE_OUTER_BOUND('',#1001,.T.);
#636=PLANE('',#1002);
#637=SURFACE_STYLE_USAGE(.BOTH.,#1003);
#638=FACE_OUTER_BOUND('',#1004,.T.);
#639=PLANE('',#1005);
#640=SURFACE_STYLE_USAGE(.BOTH.,#1006);
#641=FACE_OUTER_BOUND('',#1007,.T.);
#642=PLANE('',#1008);
#643=SURFACE_STYLE_USAGE(.BOTH.,#1009);
#644=FACE_OUTER_BOUND('',#1010,.T.);
#645=PLANE('',#1011);
#646=SURFACE_STYLE_USAGE(.BOTH.,#1012);
#647=FACE_OUTER_BOUND('',#1013,.T.);
#648=PLANE('',#1014);
#649=SURFACE_STYLE_USAGE(.BOTH.,#1015);
#650=FACE_OUTER_BOUND('',#1016,.T.);
#651=PLANE('',#1017);
#652=SURFACE_STYLE_USAGE(.BOTH.,#1018);
#653=FACE_OUTER_BOUND('',#1019,.T.);
#654=PLANE('',#1020);
#655=SURFACE_STYLE_USAGE(.BOTH.,#1021);
#656=FACE_OUTER_BOUND('',#1022,.T.);
#657=PLANE('',#1023);
#658=SURFACE_STYLE_USAGE(.BOTH.,#1024);
#659=FACE_OUTER_BOUND('',#1025,.T.);
#660=PLANE('',#1026);
#661=SURFACE_STYLE_USAGE(.BOTH.,#1027);
#662=FACE_OUTER_BOUND('',#1028,.T.);
#663=PLANE('',#1029);
#664=SURFACE_STYLE_USAGE(.BOTH.,#1030);
#665=FACE_OUTER_BOUND('',#1031,.T.);
#666=PLANE('',#1032);
#667=SURFACE_STYLE_USAGE(.BOTH.,#1033);
#668=FACE_OUTER_BOUND('',#1034,.T.);
#669=PLANE('',#1035);
#670=SURFACE_STYLE_USAGE(.BOTH.,#1036);
#671=FACE_OUTER_BOUND('',#1037,.T.);
#672=PLANE('',#1038);
#673=SURFACE_STYLE_USAGE(.BOTH.,#1039);
#674=FACE_OUTER_BOUND('',#1040,.T.);
#675=PLANE('',#1041);
#676=SURFACE_STYLE_USAGE(.BOTH.,#1042);
#677=FACE_OUTER_BOUND('',#1043,.T.);
#678=PLANE('',#1044);
#679=SURFACE_STYLE_USAGE(.BOTH.,#1045);
#680=FACE_OUTER_BOUND('',#1046,.T.);
#681=PLANE('',#1047);
#682=SURFACE_STYLE_USAGE(.BOTH.,#1048);
#683=FACE_OUTER_BOUND('',#1049,.T.);
#684=PLANE('',#1050);
#685=SURFACE_STYLE_USAGE(.BOTH.,#1051);
#686=FACE_OUTER_BOUND('',#1052,.T.);
#687=PLANE('',#1053);
#688=SURFACE_STYLE_USAGE(.BOTH.,#1054);
#689=FACE_OUTER_BOUND('',#1055,.T.);
#690=PLANE('',#1056);
#691=SURFACE_STYLE_USAGE(.BOTH.,#1057);
#692=FACE_OUTER_BOUND('',#1058,.T.);
#693=PLANE('',#1059);
#694=SURFACE_STYLE_USAGE(.BOTH.,#1060);
#695=FACE_OUTER_BOUND('',#1061,.T.);
#696=PLANE('',#1062);
#697=SURFACE_STYLE_USAGE(.BOTH.,#1063);
#698=FACE_OUTER_BOUND('',#1064,.T.);
#699=PLANE('',#1065);
#700=SURFACE_STYLE_USAGE(.BOTH.,#1066);
#701=FACE_OUTER_BOUND('',#1067,.T.);
#702=PLANE('',#1068);
#703=SURFACE_STYLE_USAGE(.BOTH.,#1069);
#704=FACE_OUTER_BOUND('',#1070,.T.);
#705=CYLINDRICAL_SURFACE('',#1071,2.1);
#706=SURFACE_STYLE_USAGE(.BOTH.,#1072);
#707=FACE_OUTER_BOUND('',#1073,.T.);
#708=FACE_BOUND('',#1074,.T.);
#709=PLANE('',#1075);
#710=SURFACE_STYLE_USAGE(.BOTH.,#1076);
#711=FACE_OUTER_BOUND('',#1077,.T.);
#712=CYLINDRICAL_SURFACE('',#1078,2.1);
#713=SURFACE_STYLE_USAGE(.BOTH.,#1079);
#714=FACE_OUTER_BOUND('',#1080,.T.);
#715=FACE_BOUND('',#1081,.T.);
#716=PLANE('',#1082);
#717=SURFACE_STYLE_USAGE(.BOTH.,#1083);
#718=FACE_OUTER_BOUND('',#1084,.T.);
#719=PLANE('',#1085);
#720=SURFACE_STYLE_USAGE(.BOTH.,#1086);
#721=FACE_OUTER_BOUND('',#1087,.T.);
#722=PLANE('',#1088);
#723=SURFACE_STYLE_USAGE(.BOTH.,#1089);
#724=FACE_OUTER_BOUND('',#1090,.T.);
#725=FACE_BOUND('',#1091,.T.);
#726=FACE_BOUND('',#1092,.T.);
#727=PLANE('',#1093);
#728=SURFACE_STYLE_USAGE(.BOTH.,#1094);
#729=FACE_OUTER_BOUND('',#1095,.T.);
#730=PLANE('',#1096);
#731=SURFACE_STYLE_USAGE(.BOTH.,#1097);
#732=FACE_OUTER_BOUND('',#1098,.T.);
#733=PLANE('',#1099);
#734=SURFACE_STYLE_USAGE(.BOTH.,#1100);
#735=FACE_OUTER_BOUND('',#1101,.T.);
#736=FACE_BOUND('',#1102,.T.);
#737=FACE_BOUND('',#1103,.T.);
#738=PLANE('',#1104);
#739=SURFACE_STYLE_USAGE(.BOTH.,#1105);
#740=FACE_OUTER_BOUND('',#1106,.T.);
#741=FACE_BOUND('',#1107,.T.);
#742=FACE_BOUND('',#1108,.T.);
#743=PLANE('',#1109);
#744=SURFACE_STYLE_USAGE(.BOTH.,#1110);
#745=FACE_OUTER_BOUND('',#1111,.T.);
#746=PLANE('',#1112);
#747=SURFACE_STYLE_USAGE(.BOTH.,#1113);
#748=FACE_OUTER_BOUND('',#1114,.T.);
#749=PLANE('',#1115);
#750=PRODUCT_CONTEXT('',#127,'mechanical');
#751=PRODUCT_DEFINITION_FORMATION_WITH_SPECIFIED_SOURCE(' ','NONE',#374,.NOT_KNOWN.);
#752=CLOSED_SHELL('',(#141,#143,#145,#147,#149,#151,#153,#155,#157,#159,#161,#163,#165,#167,#169,#171,#173,#175,#177,#179,#181,#183,#185,#187,#189,#191,#193,#195,#197,#199,#201,#203,#205,#207,#209,#211,#213,#215,#217,#219,#221,#223,#225,#227,#229,#231,#233,#235,#237,#239,#241,#243,#245,#247,#249,#251,#253,#255,#257,#259,#261,#263,#265,#267,#269,#271,#273,#275,#277,#279,#281,#283,#285,#287,#289,#291,#293,#295,#297,#299,#301,#303,#305,#307,#309,#311,#313,#315,#317,#319,#321,#323,#325,#327,#329,#331,#333,#335,#337,#339,#341,#343,#345,#347,#349,#351,#353,#355,#357,#359,#361,#363,#365,#367,#369,#371,#373));
#753=CARTESIAN_POINT('',(0.0,0.0,0.0));
#754=DIRECTION('',(0.0,0.0,1.0));
#755=DIRECTION('',(1.0,0.0,0.0));
#756= (NAMED_UNIT(#383)LENGTH_UNIT()SI_UNIT(.MILLI.,.METRE.));
#757=SURFACE_SIDE_STYLE('',(#1117));
#758=EDGE_LOOP('',(#1118,#1119,#1120,#1121));
#759=AXIS2_PLACEMENT_3D('',#1122,#1123,#1124);
#760=SURFACE_SIDE_STYLE('',(#1125));
#761=EDGE_LOOP('',(#1126,#1127,#1128,#1129));
#762=AXIS2_PLACEMENT_3D('',#1130,#1131,#1132);
#763=SURFACE_SIDE_STYLE('',(#1133));
#764=EDGE_LOOP('',(#1134,#1135,#1136,#1137,#1138,#1139,#1140,#1141));
#765=AXIS2_PLACEMENT_3D('',#1142,#1143,#1144);
#766=SURFACE_SIDE_STYLE('',(#1145));
#767=EDGE_LOOP('',(#1146,#1147,#1148,#1149,#1150,#1151,#1152,#1153));
#768=AXIS2_PLACEMENT_3D('',#1154,#1155,#1156);
#769=SURFACE_SIDE_STYLE('',(#1157));
#770=EDGE_LOOP('',(#1158,#1159,#1160,#1161,#1162,#1163));
#771=AXIS2_PLACEMENT_3D('',#1164,#1165,#1166);
#772=SURFACE_SIDE_STYLE('',(#1167));
#773=EDGE_LOOP('',(#1168,#1169,#1170,#1171));
#774=AXIS2_PLACEMENT_3D('',#1172,#1173,#1174);
#775=SURFACE_SIDE_STYLE('',(#1175));
#776=EDGE_LOOP('',(#1176,#1177,#1178));
#777=AXIS2_PLACEMENT_3D('',#1179,#1180,#1181);
#778=SURFACE_SIDE_STYLE('',(#1182));
#779=EDGE_LOOP('',(#1183,#1184,#1185,#1186));
#780=AXIS2_PLACEMENT_3D('',#1187,#1188,#1189);
#781=SURFACE_SIDE_STYLE('',(#1190));
#782=EDGE_LOOP('',(#1191,#1192,#1193,#1194));
#783=AXIS2_PLACEMENT_3D('',#1195,#1196,#1197);
#784=SURFACE_SIDE_STYLE('',(#1198));
#785=EDGE_LOOP('',(#1199,#1200,#1201,#1202));
#786=AXIS2_PLACEMENT_3D('',#1203,#1204,#1205);
#787=SURFACE_SIDE_STYLE('',(#1206));
#788=EDGE_LOOP('',(#1207,#1208,#1209,#1210,#1211));
#789=AXIS2_PLACEMENT_3D('',#1212,#1213,#1214);
#790=SURFACE_SIDE_STYLE('',(#1215));
#791=EDGE_LOOP('',(#1216,#1217,#1218,#1219,#1220,#1221));
#792=AXIS2_PLACEMENT_3D('',#1222,#1223,#1224);
#793=SURFACE_SIDE_STYLE('',(#1225));
#794=EDGE_LOOP('',(#1226,#1227,#1228,#1229));
#795=AXIS2_PLACEMENT_3D('',#1230,#1231,#1232);
#796=SURFACE_SIDE_STYLE('',(#1233));
#797=EDGE_LOOP('',(#1234,#1235,#1236,#1237));
#798=AXIS2_PLACEMENT_3D('',#1238,#1239,#1240);
#799=SURFACE_SIDE_STYLE('',(#1241));
#800=EDGE_LOOP('',(#1242,#1243,#1244,#1245));
#801=AXIS2_PLACEMENT_3D('',#1246,#1247,#1248);
#802=SURFACE_SIDE_STYLE('',(#1249));
#803=EDGE_LOOP('',(#1250,#1251,#1252,#1253));
#804=AXIS2_PLACEMENT_3D('',#1254,#1255,#1256);
#805=SURFACE_SIDE_STYLE('',(#1257));
#806=EDGE_LOOP('',(#1258,#1259,#1260,#1261));
#807=AXIS2_PLACEMENT_3D('',#1262,#1263,#1264);
#808=SURFACE_SIDE_STYLE('',(#1265));
#809=EDGE_LOOP('',(#1266,#1267,#1268,#1269,#1270,#1271,#1272,#1273,#1274,#1275,#1276,#1277));
#810=AXIS2_PLACEMENT_3D('',#1278,#1279,#1280);
#811=SURFACE_SIDE_STYLE('',(#1281));
#812=EDGE_LOOP('',(#1282,#1283,#1284,#1285,#1286,#1287,#1288,#1289));
#813=AXIS2_PLACEMENT_3D('',#1290,#1291,#1292);
#814=SURFACE_SIDE_STYLE('',(#1293));
#815=EDGE_LOOP('',(#1294,#1295,#1296));
#816=AXIS2_PLACEMENT_3D('',#1297,#1298,#1299);
#817=SURFACE_SIDE_STYLE('',(#1300));
#818=EDGE_LOOP('',(#1301,#1302,#1303,#1304,#1305,#1306,#1307,#1308));
#819=AXIS2_PLACEMENT_3D('',#1309,#1310,#1311);
#820=SURFACE_SIDE_STYLE('',(#1312));
#821=EDGE_LOOP('',(#1313,#1314,#1315,#1316));
#822=AXIS2_PLACEMENT_3D('',#1317,#1318,#1319);
#823=SURFACE_SIDE_STYLE('',(#1320));
#824=EDGE_LOOP('',(#1321,#1322,#1323,#1324,#1325));
#825=AXIS2_PLACEMENT_3D('',#1326,#1327,#1328);
#826=SURFACE_SIDE_STYLE('',(#1329));
#827=EDGE_LOOP('',(#1330,#1331,#1332,#1333,#1334,#1335));
#828=AXIS2_PLACEMENT_3D('',#1336,#1337,#1338);
#829=SURFACE_SIDE_STYLE('',(#1339));
#830=EDGE_LOOP('',(#1340,#1341,#1342,#1343,#1344,#1345,#1346,#1347,#1348,#1349));
#831=AXIS2_PLACEMENT_3D('',#1350,#1351,#1352);
#832=SURFACE_SIDE_STYLE('',(#1353));
#833=EDGE_LOOP('',(#1354,#1355,#1356,#1357));
#834=AXIS2_PLACEMENT_3D('',#1358,#1359,#1360);
#835=SURFACE_SIDE_STYLE('',(#1361));
#836=EDGE_LOOP('',(#1362,#1363,#1364));
#837=AXIS2_PLACEMENT_3D('',#1365,#1366,#1367);
#838=SURFACE_SIDE_STYLE('',(#1368));
#839=EDGE_LOOP('',(#1369,#1370,#1371));
#840=AXIS2_PLACEMENT_3D('',#1372,#1373,#1374);
#841=SURFACE_SIDE_STYLE('',(#1375));
#842=EDGE_LOOP('',(#1376,#1377,#1378,#1379,#1380,#1381));
#843=AXIS2_PLACEMENT_3D('',#1382,#1383,#1384);
#844=SURFACE_SIDE_STYLE('',(#1385));
#845=EDGE_LOOP('',(#1386,#1387,#1388,#1389,#1390));
#846=AXIS2_PLACEMENT_3D('',#1391,#1392,#1393);
#847=SURFACE_SIDE_STYLE('',(#1394));
#848=EDGE_LOOP('',(#1395,#1396,#1397,#1398));
#849=AXIS2_PLACEMENT_3D('',#1399,#1400,#1401);
#850=SURFACE_SIDE_STYLE('',(#1402));
#851=EDGE_LOOP('',(#1403,#1404,#1405,#1406,#1407));
#852=AXIS2_PLACEMENT_3D('',#1408,#1409,#1410);
#853=SURFACE_SIDE_STYLE('',(#1411));
#854=EDGE_LOOP('',(#1412,#1413,#1414,#1415,#1416));
#855=AXIS2_PLACEMENT_3D('',#1417,#1418,#1419);
#856=SURFACE_SIDE_STYLE('',(#1420));
#857=EDGE_LOOP('',(#1421,#1422,#1423,#1424));
#858=AXIS2_PLACEMENT_3D('',#1425,#1426,#1427);
#859=SURFACE_SIDE_STYLE('',(#1428));
#860=EDGE_LOOP('',(#1429,#1430,#1431,#1432));
#861=AXIS2_PLACEMENT_3D('',#1433,#1434,#1435);
#862=SURFACE_SIDE_STYLE('',(#1436));
#863=EDGE_LOOP('',(#1437,#1438,#1439,#1440,#1441));
#864=AXIS2_PLACEMENT_3D('',#1442,#1443,#1444);
#865=SURFACE_SIDE_STYLE('',(#1445));
#866=EDGE_LOOP('',(#1446,#1447,#1448,#1449,#1450,#1451,#1452,#1453,#1454,#1455,#1456,#1457));
#867=AXIS2_PLACEMENT_3D('',#1458,#1459,#1460);
#868=SURFACE_SIDE_STYLE('',(#1461));
#869=EDGE_LOOP('',(#1462,#1463,#1464,#1465,#1466,#1467));
#870=AXIS2_PLACEMENT_3D('',#1468,#1469,#1470);
#871=SURFACE_SIDE_STYLE('',(#1471));
#872=EDGE_LOOP('',(#1472,#1473,#1474,#1475));
#873=AXIS2_PLACEMENT_3D('',#1476,#1477,#1478);
#874=SURFACE_SIDE_STYLE('',(#1479));
#875=EDGE_LOOP('',(#1480,#1481,#1482));
#876=AXIS2_PLACEMENT_3D('',#1483,#1484,#1485);
#877=SURFACE_SIDE_STYLE('',(#1486));
#878=EDGE_LOOP('',(#1487,#1488,#1489,#1490));
#879=AXIS2_PLACEMENT_3D('',#1491,#1492,#1493);
#880=SURFACE_SIDE_STYLE('',(#1494));
#881=EDGE_LOOP('',(#1495,#1496,#1497,#1498));
#882=AXIS2_PLACEMENT_3D('',#1499,#1500,#1501);
#883=SURFACE_SIDE_STYLE('',(#1502));
#884=EDGE_LOOP('',(#1503,#1504,#1505,#1506));
#885=AXIS2_PLACEMENT_3D('',#1507,#1508,#1509);
#886=SURFACE_SIDE_STYLE('',(#1510));
#887=EDGE_LOOP('',(#1511,#1512,#1513,#1514,#1515));
#888=AXIS2_PLACEMENT_3D('',#1516,#1517,#1518);
#889=SURFACE_SIDE_STYLE('',(#1519));
#890=EDGE_LOOP('',(#1520,#1521,#1522,#1523,#1524,#1525));
#891=AXIS2_PLACEMENT_3D('',#1526,#1527,#1528);
#892=SURFACE_SIDE_STYLE('',(#1529));
#893=EDGE_LOOP('',(#1530,#1531,#1532,#1533));
#894=AXIS2_PLACEMENT_3D('',#1534,#1535,#1536);
#895=SURFACE_SIDE_STYLE('',(#1537));
#896=EDGE_LOOP('',(#1538,#1539,#1540,#1541));
#897=AXIS2_PLACEMENT_3D('',#1542,#1543,#1544);
#898=SURFACE_SIDE_STYLE('',(#1545));
#899=EDGE_LOOP('',(#1546,#1547,#1548,#1549));
#900=AXIS2_PLACEMENT_3D('',#1550,#1551,#1552);
#901=SURFACE_SIDE_STYLE('',(#1553));
#902=EDGE_LOOP('',(#1554,#1555,#1556,#1557));
#903=AXIS2_PLACEMENT_3D('',#1558,#1559,#1560);
#904=SURFACE_SIDE_STYLE('',(#1561));
#905=EDGE_LOOP('',(#1562,#1563,#1564,#1565));
#906=AXIS2_PLACEMENT_3D('',#1566,#1567,#1568);
#907=SURFACE_SIDE_STYLE('',(#1569));
#908=EDGE_LOOP('',(#1570,#1571,#1572,#1573,#1574,#1575,#1576,#1577,#1578,#1579,#1580,#1581));
#909=AXIS2_PLACEMENT_3D('',#1582,#1583,#1584);
#910=SURFACE_SIDE_STYLE('',(#1585));
#911=EDGE_LOOP('',(#1586,#1587,#1588,#1589,#1590,#1591,#1592,#1593));
#912=AXIS2_PLACEMENT_3D('',#1594,#1595,#1596);
#913=SURFACE_SIDE_STYLE('',(#1597));
#914=EDGE_LOOP('',(#1598,#1599,#1600));
#915=AXIS2_PLACEMENT_3D('',#1601,#1602,#1603);
#916=SURFACE_SIDE_STYLE('',(#1604));
#917=EDGE_LOOP('',(#1605,#1606,#1607,#1608,#1609,#1610,#1611,#1612));
#918=AXIS2_PLACEMENT_3D('',#1613,#1614,#1615);
#919=SURFACE_SIDE_STYLE('',(#1616));
#920=EDGE_LOOP('',(#1617,#1618,#1619,#1620));
#921=AXIS2_PLACEMENT_3D('',#1621,#1622,#1623);
#922=SURFACE_SIDE_STYLE('',(#1624));
#923=EDGE_LOOP('',(#1625,#1626,#1627,#1628,#1629));
#924=AXIS2_PLACEMENT_3D('',#1630,#1631,#1632);
#925=SURFACE_SIDE_STYLE('',(#1633));
#926=EDGE_LOOP('',(#1634,#1635,#1636,#1637,#1638,#1639));
#927=AXIS2_PLACEMENT_3D('',#1640,#1641,#1642);
#928=SURFACE_SIDE_STYLE('',(#1643));
#929=EDGE_LOOP('',(#1644,#1645,#1646,#1647,#1648,#1649,#1650,#1651,#1652,#1653));
#930=AXIS2_PLACEMENT_3D('',#1654,#1655,#1656);
#931=SURFACE_SIDE_STYLE('',(#1657));
#932=EDGE_LOOP('',(#1658,#1659,#1660,#1661));
#933=AXIS2_PLACEMENT_3D('',#1662,#1663,#1664);
#934=SURFACE_SIDE_STYLE('',(#1665));
#935=EDGE_LOOP('',(#1666,#1667,#1668));
#936=AXIS2_PLACEMENT_3D('',#1669,#1670,#1671);
#937=SURFACE_SIDE_STYLE('',(#1672));
#938=EDGE_LOOP('',(#1673,#1674,#1675));
#939=AXIS2_PLACEMENT_3D('',#1676,#1677,#1678);
#940=SURFACE_SIDE_STYLE('',(#1679));
#941=EDGE_LOOP('',(#1680,#1681,#1682,#1683,#1684,#1685));
#942=AXIS2_PLACEMENT_3D('',#1686,#1687,#1688);
#943=SURFACE_SIDE_STYLE('',(#1689));
#944=EDGE_LOOP('',(#1690,#1691,#1692,#1693,#1694));
#945=AXIS2_PLACEMENT_3D('',#1695,#1696,#1697);
#946=SURFACE_SIDE_STYLE('',(#1698));
#947=EDGE_LOOP('',(#1699,#1700,#1701,#1702));
#948=AXIS2_PLACEMENT_3D('',#1703,#1704,#1705);
#949=SURFACE_SIDE_STYLE('',(#1706));
#950=EDGE_LOOP('',(#1707,#1708,#1709,#1710,#1711));
#951=AXIS2_PLACEMENT_3D('',#1712,#1713,#1714);
#952=SURFACE_SIDE_STYLE('',(#1715));
#953=EDGE_LOOP('',(#1716,#1717,#1718,#1719,#1720));
#954=AXIS2_PLACEMENT_3D('',#1721,#1722,#1723);
#955=SURFACE_SIDE_STYLE('',(#1724));
#956=EDGE_LOOP('',(#1725,#1726,#1727,#1728));
#957=AXIS2_PLACEMENT_3D('',#1729,#1730,#1731);
#958=SURFACE_SIDE_STYLE('',(#1732));
#959=EDGE_LOOP('',(#1733,#1734,#1735,#1736));
#960=AXIS2_PLACEMENT_3D('',#1737,#1738,#1739);
#961=SURFACE_SIDE_STYLE('',(#1740));
#962=EDGE_LOOP('',(#1741,#1742,#1743,#1744,#1745));
#963=AXIS2_PLACEMENT_3D('',#1746,#1747,#1748);
#964=SURFACE_SIDE_STYLE('',(#1749));
#965=EDGE_LOOP('',(#1750,#1751,#1752,#1753,#1754,#1755,#1756,#1757,#1758,#1759,#1760,#1761));
#966=AXIS2_PLACEMENT_3D('',#1762,#1763,#1764);
#967=SURFACE_SIDE_STYLE('',(#1765));
#968=EDGE_LOOP('',(#1766,#1767,#1768,#1769,#1770,#1771,#1772,#1773));
#969=AXIS2_PLACEMENT_3D('',#1774,#1775,#1776);
#970=SURFACE_SIDE_STYLE('',(#1777));
#971=EDGE_LOOP('',(#1778,#1779,#1780,#1781));
#972=AXIS2_PLACEMENT_3D('',#1782,#1783,#1784);
#973=SURFACE_SIDE_STYLE('',(#1785));
#974=EDGE_LOOP('',(#1786,#1787,#1788,#1789,#1790,#1791));
#975=AXIS2_PLACEMENT_3D('',#1792,#1793,#1794);
#976=SURFACE_SIDE_STYLE('',(#1795));
#977=EDGE_LOOP('',(#1796,#1797,#1798,#1799));
#978=AXIS2_PLACEMENT_3D('',#1800,#1801,#1802);
#979=SURFACE_SIDE_STYLE('',(#1803));
#980=EDGE_LOOP('',(#1804,#1805));
#981=AXIS2_PLACEMENT_3D('',#1806,#1807,#1808);
#982=SURFACE_SIDE_STYLE('',(#1809));
#983=EDGE_LOOP('',(#1810,#1811));
#984=AXIS2_PLACEMENT_3D('',#1812,#1813,#1814);
#985=SURFACE_SIDE_STYLE('',(#1815));
#986=EDGE_LOOP('',(#1816,#1817,#1818,#1819,#1820,#1821,#1822,#1823));
#987=AXIS2_PLACEMENT_3D('',#1824,#1825,#1826);
#988=SURFACE_SIDE_STYLE('',(#1827));
#989=EDGE_LOOP('',(#1828,#1829,#1830,#1831));
#990=AXIS2_PLACEMENT_3D('',#1832,#1833,#1834);
#991=SURFACE_SIDE_STYLE('',(#1835));
#992=EDGE_LOOP('',(#1836,#1837,#1838,#1839,#1840,#1841));
#993=AXIS2_PLACEMENT_3D('',#1842,#1843,#1844);
#994=SURFACE_SIDE_STYLE('',(#1845));
#995=EDGE_LOOP('',(#1846,#1847,#1848,#1849));
#996=AXIS2_PLACEMENT_3D('',#1850,#1851,#1852);
#997=SURFACE_SIDE_STYLE('',(#1853));
#998=EDGE_LOOP('',(#1854,#1855));
#999=AXIS2_PLACEMENT_3D('',#1856,#1857,#1858);
#1000=SURFACE_SIDE_STYLE('',(#1859));
#1001=EDGE_LOOP('',(#1860,#1861));
#1002=AXIS2_PLACEMENT_3D('',#1862,#1863,#1864);
#1003=SURFACE_SIDE_STYLE('',(#1865));
#1004=EDGE_LOOP('',(#1866,#1867,#1868,#1869));
#1005=AXIS2_PLACEMENT_3D('',#1870,#1871,#1872);
#1006=SURFACE_SIDE_STYLE('',(#1873));
#1007=EDGE_LOOP('',(#1874,#1875,#1876,#1877));
#1008=AXIS2_PLACEMENT_3D('',#1878,#1879,#1880);
#1009=SURFACE_SIDE_STYLE('',(#1881));
#1010=EDGE_LOOP('',(#1882,#1883,#1884,#1885));
#1011=AXIS2_PLACEMENT_3D('',#1886,#1887,#1888);
#1012=SURFACE_SIDE_STYLE('',(#1889));
#1013=EDGE_LOOP('',(#1890,#1891,#1892,#1893,#1894,#1895));
#1014=AXIS2_PLACEMENT_3D('',#1896,#1897,#1898);
#1015=SURFACE_SIDE_STYLE('',(#1899));
#1016=EDGE_LOOP('',(#1900,#1901,#1902,#1903));
#1017=AXIS2_PLACEMENT_3D('',#1904,#1905,#1906);
#1018=SURFACE_SIDE_STYLE('',(#1907));
#1019=EDGE_LOOP('',(#1908,#1909,#1910,#1911));
#1020=AXIS2_PLACEMENT_3D('',#1912,#1913,#1914);
#1021=SURFACE_SIDE_STYLE('',(#1915));
#1022=EDGE_LOOP('',(#1916,#1917,#1918,#1919));
#1023=AXIS2_PLACEMENT_3D('',#1920,#1921,#1922);
#1024=SURFACE_SIDE_STYLE('',(#1923));
#1025=EDGE_LOOP('',(#1924,#1925,#1926,#1927,#1928,#1929));
#1026=AXIS2_PLACEMENT_3D('',#1930,#1931,#1932);
#1027=SURFACE_SIDE_STYLE('',(#1933));
#1028=EDGE_LOOP('',(#1934,#1935,#1936,#1937));
#1029=AXIS2_PLACEMENT_3D('',#1938,#1939,#1940);
#1030=SURFACE_SIDE_STYLE('',(#1941));
#1031=EDGE_LOOP('',(#1942,#1943,#1944,#1945));
#1032=AXIS2_PLACEMENT_3D('',#1946,#1947,#1948);
#1033=SURFACE_SIDE_STYLE('',(#1949));
#1034=EDGE_LOOP('',(#1950,#1951,#1952,#1953));
#1035=AXIS2_PLACEMENT_3D('',#1954,#1955,#1956);
#1036=SURFACE_SIDE_STYLE('',(#1957));
#1037=EDGE_LOOP('',(#1958,#1959,#1960,#1961,#1962,#1963,#1964,#1965,#1966,#1967,#1968,#1969));
#1038=AXIS2_PLACEMENT_3D('',#1970,#1971,#1972);
#1039=SURFACE_SIDE_STYLE('',(#1973));
#1040=EDGE_LOOP('',(#1974,#1975,#1976,#1977));
#1041=AXIS2_PLACEMENT_3D('',#1978,#1979,#1980);
#1042=SURFACE_SIDE_STYLE('',(#1981));
#1043=EDGE_LOOP('',(#1982,#1983,#1984,#1985));
#1044=AXIS2_PLACEMENT_3D('',#1986,#1987,#1988);
#1045=SURFACE_SIDE_STYLE('',(#1989));
#1046=EDGE_LOOP('',(#1990,#1991,#1992,#1993));
#1047=AXIS2_PLACEMENT_3D('',#1994,#1995,#1996);
#1048=SURFACE_SIDE_STYLE('',(#1997));
#1049=EDGE_LOOP('',(#1998,#1999,#2000,#2001));
#1050=AXIS2_PLACEMENT_3D('',#2002,#2003,#2004);
#1051=SURFACE_SIDE_STYLE('',(#2005));
#1052=EDGE_LOOP('',(#2006,#2007,#2008,#2009));
#1053=AXIS2_PLACEMENT_3D('',#2010,#2011,#2012);
#1054=SURFACE_SIDE_STYLE('',(#2013));
#1055=EDGE_LOOP('',(#2014,#2015,#2016,#2017));
#1056=AXIS2_PLACEMENT_3D('',#2018,#2019,#2020);
#1057=SURFACE_SIDE_STYLE('',(#2021));
#1058=EDGE_LOOP('',(#2022,#2023,#2024,#2025,#2026,#2027,#2028,#2029,#2030,#2031,#2032,#2033));
#1059=AXIS2_PLACEMENT_3D('',#2034,#2035,#2036);
#1060=SURFACE_SIDE_STYLE('',(#2037));
#1061=EDGE_LOOP('',(#2038,#2039,#2040,#2041));
#1062=AXIS2_PLACEMENT_3D('',#2042,#2043,#2044);
#1063=SURFACE_SIDE_STYLE('',(#2045));
#1064=EDGE_LOOP('',(#2046,#2047,#2048,#2049));
#1065=AXIS2_PLACEMENT_3D('',#2050,#2051,#2052);
#1066=SURFACE_SIDE_STYLE('',(#2053));
#1067=EDGE_LOOP('',(#2054,#2055,#2056,#2057));
#1068=AXIS2_PLACEMENT_3D('',#2058,#2059,#2060);
#1069=SURFACE_SIDE_STYLE('',(#2061));
#1070=EDGE_LOOP('',(#2062,#2063,#2064,#2065));
#1071=AXIS2_PLACEMENT_3D('',#2066,#2067,#2068);
#1072=SURFACE_SIDE_STYLE('',(#2069));
#1073=EDGE_LOOP('',(#2070,#2071));
#1074=EDGE_LOOP('',(#2072,#2073));
#1075=AXIS2_PLACEMENT_3D('',#2074,#2075,#2076);
#1076=SURFACE_SIDE_STYLE('',(#2077));
#1077=EDGE_LOOP('',(#2078,#2079,#2080,#2081));
#1078=AXIS2_PLACEMENT_3D('',#2082,#2083,#2084);
#1079=SURFACE_SIDE_STYLE('',(#2085));
#1080=EDGE_LOOP('',(#2086,#2087));
#1081=EDGE_LOOP('',(#2088,#2089));
#1082=AXIS2_PLACEMENT_3D('',#2090,#2091,#2092);
#1083=SURFACE_SIDE_STYLE('',(#2093));
#1084=EDGE_LOOP('',(#2094,#2095,#2096,#2097));
#1085=AXIS2_PLACEMENT_3D('',#2098,#2099,#2100);
#1086=SURFACE_SIDE_STYLE('',(#2101));
#1087=EDGE_LOOP('',(#2102,#2103,#2104,#2105));
#1088=AXIS2_PLACEMENT_3D('',#2106,#2107,#2108);
#1089=SURFACE_SIDE_STYLE('',(#2109));
#1090=EDGE_LOOP('',(#2110,#2111,#2112,#2113));
#1091=EDGE_LOOP('',(#2114,#2115));
#1092=EDGE_LOOP('',(#2116,#2117));
#1093=AXIS2_PLACEMENT_3D('',#2118,#2119,#2120);
#1094=SURFACE_SIDE_STYLE('',(#2121));
#1095=EDGE_LOOP('',(#2122,#2123,#2124,#2125));
#1096=AXIS2_PLACEMENT_3D('',#2126,#2127,#2128);
#1097=SURFACE_SIDE_STYLE('',(#2129));
#1098=EDGE_LOOP('',(#2130,#2131,#2132,#2133));
#1099=AXIS2_PLACEMENT_3D('',#2134,#2135,#2136);
#1100=SURFACE_SIDE_STYLE('',(#2137));
#1101=EDGE_LOOP('',(#2138,#2139,#2140,#2141));
#1102=EDGE_LOOP('',(#2142,#2143,#2144,#2145));
#1103=EDGE_LOOP('',(#2146,#2147,#2148,#2149));
#1104=AXIS2_PLACEMENT_3D('',#2150,#2151,#2152);
#1105=SURFACE_SIDE_STYLE('',(#2153));
#1106=EDGE_LOOP('',(#2154,#2155,#2156,#2157));
#1107=EDGE_LOOP('',(#2158,#2159,#2160,#2161));
#1108=EDGE_LOOP('',(#2162,#2163,#2164,#2165));
#1109=AXIS2_PLACEMENT_3D('',#2166,#2167,#2168);
#1110=SURFACE_SIDE_STYLE('',(#2169));
#1111=EDGE_LOOP('',(#2170,#2171,#2172,#2173,#2174,#2175,#2176));
#1112=AXIS2_PLACEMENT_3D('',#2177,#2178,#2179);
#1113=SURFACE_SIDE_STYLE('',(#2180));
#1114=EDGE_LOOP('',(#2181,#2182,#2183,#2184,#2185,#2186,#2187));
#1115=AXIS2_PLACEMENT_3D('',#2188,#2189,#2190);
#1117=SURFACE_STYLE_FILL_AREA(#2191);
#1118=ORIENTED_EDGE('',*,*,#2192,.F.);
#1119=ORIENTED_EDGE('',*,*,#2193,.F.);
#1120=ORIENTED_EDGE('',*,*,#2194,.F.);
#1121=ORIENTED_EDGE('',*,*,#2195,.T.);
#1122=CARTESIAN_POINT('',(4.15,10.1,2.54));
#1123=DIRECTION('',(0.0,-1.0,0.0));
#1124=DIRECTION('',(1.0,0.0,0.0));
#1125=SURFACE_STYLE_FILL_AREA(#2196);
#1126=ORIENTED_EDGE('',*,*,#2197,.F.);
#1127=ORIENTED_EDGE('',*,*,#2198,.F.);
#1128=ORIENTED_EDGE('',*,*,#2199,.F.);
#1129=ORIENTED_EDGE('',*,*,#2200,.T.);
#1130=CARTESIAN_POINT('',(4.15,10.1,7.62));
#1131=DIRECTION('',(0.0,-1.0,0.0));
#1132=DIRECTION('',(1.0,0.0,0.0));
#1133=SURFACE_STYLE_FILL_AREA(#2201);
#1134=ORIENTED_EDGE('',*,*,#2202,.F.);
#1135=ORIENTED_EDGE('',*,*,#2203,.F.);
#1136=ORIENTED_EDGE('',*,*,#2204,.F.);
#1137=ORIENTED_EDGE('',*,*,#2205,.T.);
#1138=ORIENTED_EDGE('',*,*,#2206,.T.);
#1139=ORIENTED_EDGE('',*,*,#2207,.F.);
#1140=ORIENTED_EDGE('',*,*,#2208,.T.);
#1141=ORIENTED_EDGE('',*,*,#2209,.T.);
#1142=CARTESIAN_POINT('',(4.15,8.35,2.54));
#1143=DIRECTION('',(0.0,-1.0,0.0));
#1144=DIRECTION('',(1.0,0.0,0.0));
#1145=SURFACE_STYLE_FILL_AREA(#2210);
#1146=ORIENTED_EDGE('',*,*,#2211,.F.);
#1147=ORIENTED_EDGE('',*,*,#2212,.F.);
#1148=ORIENTED_EDGE('',*,*,#2213,.F.);
#1149=ORIENTED_EDGE('',*,*,#2214,.T.);
#1150=ORIENTED_EDGE('',*,*,#2215,.T.);
#1151=ORIENTED_EDGE('',*,*,#2216,.F.);
#1152=ORIENTED_EDGE('',*,*,#2217,.T.);
#1153=ORIENTED_EDGE('',*,*,#2218,.T.);
#1154=CARTESIAN_POINT('',(4.15,8.35,7.62));
#1155=DIRECTION('',(0.0,-1.0,0.0));
#1156=DIRECTION('',(1.0,0.0,0.0));
#1157=SURFACE_STYLE_FILL_AREA(#2219);
#1158=ORIENTED_EDGE('',*,*,#2220,.F.);
#1159=ORIENTED_EDGE('',*,*,#2221,.F.);
#1160=ORIENTED_EDGE('',*,*,#2222,.F.);
#1161=ORIENTED_EDGE('',*,*,#2223,.F.);
#1162=ORIENTED_EDGE('',*,*,#2224,.F.);
#1163=ORIENTED_EDGE('',*,*,#2225,.F.);
#1164=CARTESIAN_POINT('',(6.81,3.13809523809524,7.62));
#1165=DIRECTION('',(-1.0,0.0,6.12303176911189E-17));
#1166=DIRECTION('',(0.0,1.0,0.0));
#1167=SURFACE_STYLE_FILL_AREA(#2226);
#1168=ORIENTED_EDGE('',*,*,#2227,.F.);
#1169=ORIENTED_EDGE('',*,*,#2228,.F.);
#1170=ORIENTED_EDGE('',*,*,#2229,.T.);
#1171=ORIENTED_EDGE('',*,*,#2222,.T.);
#1172=CARTESIAN_POINT('',(6.91,1.65,6.72));
#1173=DIRECTION('',(6.12303176911189E-17,-0.0,1.0));
#1174=DIRECTION('',(1.0,0.0,-6.12303176911189E-17));
#1175=SURFACE_STYLE_FILL_AREA(#2230);
#1176=ORIENTED_EDGE('',*,*,#2231,.F.);
#1177=ORIENTED_EDGE('',*,*,#2232,.F.);
#1178=ORIENTED_EDGE('',*,*,#2233,.F.);
#1179=CARTESIAN_POINT('',(2.91640388425617,2.66068050702801,6.27));
#1180=DIRECTION('',(0.0,0.0,1.0));
#1181=DIRECTION('',(1.0,0.0,0.0));
#1182=SURFACE_STYLE_FILL_AREA(#2234);
#1183=ORIENTED_EDGE('',*,*,#2235,.F.);
#1184=ORIENTED_EDGE('',*,*,#2236,.T.);
#1185=ORIENTED_EDGE('',*,*,#2237,.F.);
#1186=ORIENTED_EDGE('',*,*,#2232,.T.);
#1187=CARTESIAN_POINT('',(1.5,1.375,6.27));
#1188=DIRECTION('',(1.0,-8.88178419700125E-17,0.0));
#1189=DIRECTION('',(-8.88178419700125E-17,-1.0,0.0));
#1190=SURFACE_STYLE_FILL_AREA(#2238);
#1191=ORIENTED_EDGE('',*,*,#2239,.F.);
#1192=ORIENTED_EDGE('',*,*,#2240,.T.);
#1193=ORIENTED_EDGE('',*,*,#2241,.F.);
#1194=ORIENTED_EDGE('',*,*,#2242,.T.);
#1195=CARTESIAN_POINT('',(1.5,1.375,6.27));
#1196=DIRECTION('',(1.0,-8.88178419700125E-17,0.0));
#1197=DIRECTION('',(-8.88178419700125E-17,-1.0,0.0));
#1198=SURFACE_STYLE_FILL_AREA(#2243);
#1199=ORIENTED_EDGE('',*,*,#2244,.F.);
#1200=ORIENTED_EDGE('',*,*,#2245,.F.);
#1201=ORIENTED_EDGE('',*,*,#2246,.F.);
#1202=ORIENTED_EDGE('',*,*,#2247,.T.);
#1203=CARTESIAN_POINT('',(1.5,1.375,6.27));
#1204=DIRECTION('',(1.0,-8.88178419700125E-17,0.0));
#1205=DIRECTION('',(-8.88178419700125E-17,-1.0,0.0));
#1206=SURFACE_STYLE_FILL_AREA(#2248);
#1207=ORIENTED_EDGE('',*,*,#2249,.F.);
#1208=ORIENTED_EDGE('',*,*,#2250,.F.);
#1209=ORIENTED_EDGE('',*,*,#2251,.F.);
#1210=ORIENTED_EDGE('',*,*,#2252,.F.);
#1211=ORIENTED_EDGE('',*,*,#2236,.F.);
#1212=CARTESIAN_POINT('',(3.0,0.25,6.945));
#1213=DIRECTION('',(0.0,0.0,1.0));
#1214=DIRECTION('',(1.0,0.0,0.0));
#1215=SURFACE_STYLE_FILL_AREA(#2253);
#1216=ORIENTED_EDGE('',*,*,#2254,.F.);
#1217=ORIENTED_EDGE('',*,*,#2255,.F.);
#1218=ORIENTED_EDGE('',*,*,#2256,.F.);
#1219=ORIENTED_EDGE('',*,*,#2257,.F.);
#1220=ORIENTED_EDGE('',*,*,#2258,.F.);
#1221=ORIENTED_EDGE('',*,*,#2259,.F.);
#1222=CARTESIAN_POINT('',(6.81,3.13809523809524,7.62));
#1223=DIRECTION('',(-1.0,0.0,6.12303176911189E-17));
#1224=DIRECTION('',(0.0,1.0,0.0));
#1225=SURFACE_STYLE_FILL_AREA(#2260);
#1226=ORIENTED_EDGE('',*,*,#2261,.F.);
#1227=ORIENTED_EDGE('',*,*,#2258,.T.);
#1228=ORIENTED_EDGE('',*,*,#2262,.F.);
#1229=ORIENTED_EDGE('',*,*,#2263,.T.);
#1230=CARTESIAN_POINT('',(6.91,1.65,8.52));
#1231=DIRECTION('',(-6.12303176911189E-17,0.0,-1.0));
#1232=DIRECTION('',(-1.0,0.0,6.12303176911189E-17));
#1233=SURFACE_STYLE_FILL_AREA(#2264);
#1234=ORIENTED_EDGE('',*,*,#2257,.T.);
#1235=ORIENTED_EDGE('',*,*,#2265,.F.);
#1236=ORIENTED_EDGE('',*,*,#2266,.T.);
#1237=ORIENTED_EDGE('',*,*,#2262,.T.);
#1238=CARTESIAN_POINT('',(6.91,1.75,8.645));
#1239=DIRECTION('',(-0.0,1.0,0.0));
#1240=DIRECTION('',(1.0,0.0,0.0));
#1241=SURFACE_STYLE_FILL_AREA(#2267);
#1242=ORIENTED_EDGE('',*,*,#2256,.T.);
#1243=ORIENTED_EDGE('',*,*,#2268,.F.);
#1244=ORIENTED_EDGE('',*,*,#2269,.F.);
#1245=ORIENTED_EDGE('',*,*,#2265,.T.);
#1246=CARTESIAN_POINT('',(6.91,2.9,8.77));
#1247=DIRECTION('',(-6.12303176911189E-17,9.65411325761006E-17,-1.0));
#1248=DIRECTION('',(-1.0,0.0,6.12303176911189E-17));
#1249=SURFACE_STYLE_FILL_AREA(#2270);
#1250=ORIENTED_EDGE('',*,*,#2224,.T.);
#1251=ORIENTED_EDGE('',*,*,#2271,.F.);
#1252=ORIENTED_EDGE('',*,*,#2272,.F.);
#1253=ORIENTED_EDGE('',*,*,#2273,.F.);
#1254=CARTESIAN_POINT('',(6.91,2.9,6.47));
#1255=DIRECTION('',(6.12303176911189E-17,-9.65411325761006E-17,1.0));
#1256=DIRECTION('',(0.0,-1.0,-9.65411325761006E-17));
#1257=SURFACE_STYLE_FILL_AREA(#2274);
#1258=ORIENTED_EDGE('',*,*,#2223,.T.);
#1259=ORIENTED_EDGE('',*,*,#2229,.F.);
#1260=ORIENTED_EDGE('',*,*,#2275,.F.);
#1261=ORIENTED_EDGE('',*,*,#2271,.T.);
#1262=CARTESIAN_POINT('',(6.91,1.75,6.595));
#1263=DIRECTION('',(-0.0,1.0,0.0));
#1264=DIRECTION('',(1.0,0.0,0.0));
#1265=SURFACE_STYLE_FILL_AREA(#2276);
#1266=ORIENTED_EDGE('',*,*,#2277,.F.);
#1267=ORIENTED_EDGE('',*,*,#2263,.F.);
#1268=ORIENTED_EDGE('',*,*,#2266,.F.);
#1269=ORIENTED_EDGE('',*,*,#2269,.T.);
#1270=ORIENTED_EDGE('',*,*,#2278,.T.);
#1271=ORIENTED_EDGE('',*,*,#2272,.T.);
#1272=ORIENTED_EDGE('',*,*,#2275,.T.);
#1273=ORIENTED_EDGE('',*,*,#2228,.T.);
#1274=ORIENTED_EDGE('',*,*,#2279,.F.);
#1275=ORIENTED_EDGE('',*,*,#2280,.F.);
#1276=ORIENTED_EDGE('',*,*,#2281,.F.);
#1277=ORIENTED_EDGE('',*,*,#2282,.F.);
#1278=CARTESIAN_POINT('',(6.91,3.13809523809524,7.62));
#1279=DIRECTION('',(-1.0,0.0,6.12303176911189E-17));
#1280=DIRECTION('',(0.0,1.0,0.0));
#1281=SURFACE_STYLE_FILL_AREA(#2283);
#1282=ORIENTED_EDGE('',*,*,#2284,.F.);
#1283=ORIENTED_EDGE('',*,*,#2247,.F.);
#1284=ORIENTED_EDGE('',*,*,#2285,.F.);
#1285=ORIENTED_EDGE('',*,*,#2225,.T.);
#1286=ORIENTED_EDGE('',*,*,#2273,.T.);
#1287=ORIENTED_EDGE('',*,*,#2278,.F.);
#1288=ORIENTED_EDGE('',*,*,#2268,.T.);
#1289=ORIENTED_EDGE('',*,*,#2255,.T.);
#1290=CARTESIAN_POINT('',(4.2,4.05,6.27));
#1291=DIRECTION('',(0.0,-1.0,0.0));
#1292=DIRECTION('',(0.0,0.0,-1.0));
#1293=SURFACE_STYLE_FILL_AREA(#2286);
#1294=ORIENTED_EDGE('',*,*,#2287,.F.);
#1295=ORIENTED_EDGE('',*,*,#2288,.F.);
#1296=ORIENTED_EDGE('',*,*,#2240,.F.);
#1297=CARTESIAN_POINT('',(2.91640388425617,2.66068050702801,8.97));
#1298=DIRECTION('',(0.0,0.0,1.0));
#1299=DIRECTION('',(1.0,0.0,0.0));
#1300=SURFACE_STYLE_FILL_AREA(#2289);
#1301=ORIENTED_EDGE('',*,*,#2290,.F.);
#1302=ORIENTED_EDGE('',*,*,#2291,.F.);
#1303=ORIENTED_EDGE('',*,*,#2292,.F.);
#1304=ORIENTED_EDGE('',*,*,#2293,.T.);
#1305=ORIENTED_EDGE('',*,*,#2294,.T.);
#1306=ORIENTED_EDGE('',*,*,#2295,.F.);
#1307=ORIENTED_EDGE('',*,*,#2252,.T.);
#1308=ORIENTED_EDGE('',*,*,#2296,.T.);
#1309=CARTESIAN_POINT('',(2.75,0.0,6.27));
#1310=DIRECTION('',(0.0,-1.0,0.0));
#1311=DIRECTION('',(0.0,0.0,-1.0));
#1312=SURFACE_STYLE_FILL_AREA(#2297);
#1313=ORIENTED_EDGE('',*,*,#2250,.T.);
#1314=ORIENTED_EDGE('',*,*,#2298,.T.);
#1315=ORIENTED_EDGE('',*,*,#2299,.T.);
#1316=ORIENTED_EDGE('',*,*,#2300,.F.);
#1317=CARTESIAN_POINT('',(3.75,0.25,6.27));
#1318=DIRECTION('',(0.0,0.0,-1.0));
#1319=DIRECTION('',(1.0,0.0,0.0));
#1320=SURFACE_STYLE_FILL_AREA(#2301);
#1321=ORIENTED_EDGE('',*,*,#2302,.F.);
#1322=ORIENTED_EDGE('',*,*,#2242,.F.);
#1323=ORIENTED_EDGE('',*,*,#2294,.F.);
#1324=ORIENTED_EDGE('',*,*,#2303,.F.);
#1325=ORIENTED_EDGE('',*,*,#2299,.F.);
#1326=CARTESIAN_POINT('',(3.0,0.25,8.295));
#1327=DIRECTION('',(0.0,0.0,1.0));
#1328=DIRECTION('',(1.0,0.0,0.0));
#1329=SURFACE_STYLE_FILL_AREA(#2304);
#1330=ORIENTED_EDGE('',*,*,#2288,.T.);
#1331=ORIENTED_EDGE('',*,*,#2305,.T.);
#1332=ORIENTED_EDGE('',*,*,#2233,.T.);
#1333=ORIENTED_EDGE('',*,*,#2237,.T.);
#1334=ORIENTED_EDGE('',*,*,#2295,.T.);
#1335=ORIENTED_EDGE('',*,*,#2241,.T.);
#1336=CARTESIAN_POINT('',(1.5,0.5,6.27));
#1337=DIRECTION('',(0.0,0.0,-1.0));
#1338=DIRECTION('',(1.0,0.0,0.0));
#1339=SURFACE_STYLE_FILL_AREA(#2306);
#1340=ORIENTED_EDGE('',*,*,#2307,.T.);
#1341=ORIENTED_EDGE('',*,*,#2296,.F.);
#1342=ORIENTED_EDGE('',*,*,#2251,.T.);
#1343=ORIENTED_EDGE('',*,*,#2300,.T.);
#1344=ORIENTED_EDGE('',*,*,#2303,.T.);
#1345=ORIENTED_EDGE('',*,*,#2293,.F.);
#1346=ORIENTED_EDGE('',*,*,#2308,.T.);
#1347=ORIENTED_EDGE('',*,*,#2309,.T.);
#1348=ORIENTED_EDGE('',*,*,#2310,.F.);
#1349=ORIENTED_EDGE('',*,*,#2311,.T.);
#1350=CARTESIAN_POINT('',(4.0,-1.42547707926605,7.12));
#1351=DIRECTION('',(1.0,-2.28957007403558E-17,0.0));
#1352=DIRECTION('',(-2.28957007403558E-17,-1.0,0.0));
#1353=SURFACE_STYLE_FILL_AREA(#2312);
#1354=ORIENTED_EDGE('',*,*,#2292,.T.);
#1355=ORIENTED_EDGE('',*,*,#2313,.F.);
#1356=ORIENTED_EDGE('',*,*,#2314,.T.);
#1357=ORIENTED_EDGE('',*,*,#2308,.F.);
#1358=CARTESIAN_POINT('',(3.25,-1.7375,7.995));
#1359=DIRECTION('',(-6.12303176911189E-17,2.09476042382105E-16,1.0));
#1360=DIRECTION('',(0.0,-1.0,2.09476042382105E-16));
#1361=SURFACE_STYLE_FILL_AREA(#2315);
#1362=ORIENTED_EDGE('',*,*,#2316,.T.);
#1363=ORIENTED_EDGE('',*,*,#2317,.F.);
#1364=ORIENTED_EDGE('',*,*,#2318,.T.);
#1365=CARTESIAN_POINT('',(3.75,-3.85,7.12));
#1366=DIRECTION('',(0.0,0.0,-1.0));
#1367=DIRECTION('',(1.0,0.0,0.0));
#1368=SURFACE_STYLE_FILL_AREA(#2319);
#1369=ORIENTED_EDGE('',*,*,#2320,.T.);
#1370=ORIENTED_EDGE('',*,*,#2321,.T.);
#1371=ORIENTED_EDGE('',*,*,#2310,.T.);
#1372=CARTESIAN_POINT('',(3.75,-3.85,7.12));
#1373=DIRECTION('',(0.0,0.0,-1.0));
#1374=DIRECTION('',(1.0,0.0,0.0));
#1375=SURFACE_STYLE_FILL_AREA(#2322);
#1376=ORIENTED_EDGE('',*,*,#2291,.T.);
#1377=ORIENTED_EDGE('',*,*,#2323,.T.);
#1378=ORIENTED_EDGE('',*,*,#2324,.T.);
#1379=ORIENTED_EDGE('',*,*,#2317,.T.);
#1380=ORIENTED_EDGE('',*,*,#2325,.T.);
#1381=ORIENTED_EDGE('',*,*,#2313,.T.);
#1382=CARTESIAN_POINT('',(3.5,-1.42547707926605,7.12));
#1383=DIRECTION('',(-1.0,-0.0,0.0));
#1384=DIRECTION('',(0.0,0.0,1.0));
#1385=SURFACE_STYLE_FILL_AREA(#2326);
#1386=ORIENTED_EDGE('',*,*,#2311,.F.);
#1387=ORIENTED_EDGE('',*,*,#2321,.F.);
#1388=ORIENTED_EDGE('',*,*,#2318,.F.);
#1389=ORIENTED_EDGE('',*,*,#2324,.F.);
#1390=ORIENTED_EDGE('',*,*,#2327,.T.);
#1391=CARTESIAN_POINT('',(3.25,-3.725,7.62));
#1392=DIRECTION('',(-1.0,0.0,-6.12303176911189E-17));
#1393=DIRECTION('',(6.12303176911189E-17,0.0,-1.0));
#1394=SURFACE_STYLE_FILL_AREA(#2328);
#1395=ORIENTED_EDGE('',*,*,#2290,.T.);
#1396=ORIENTED_EDGE('',*,*,#2307,.F.);
#1397=ORIENTED_EDGE('',*,*,#2327,.F.);
#1398=ORIENTED_EDGE('',*,*,#2323,.F.);
#1399=CARTESIAN_POINT('',(3.25,-1.7375,7.245));
#1400=DIRECTION('',(6.12303176911189E-17,1.39650694921403E-17,-1.0));
#1401=DIRECTION('',(0.0,-1.0,-1.39650694921403E-17));
#1402=SURFACE_STYLE_FILL_AREA(#2329);
#1403=ORIENTED_EDGE('',*,*,#2309,.F.);
#1404=ORIENTED_EDGE('',*,*,#2314,.F.);
#1405=ORIENTED_EDGE('',*,*,#2325,.F.);
#1406=ORIENTED_EDGE('',*,*,#2316,.F.);
#1407=ORIENTED_EDGE('',*,*,#2320,.F.);
#1408=CARTESIAN_POINT('',(3.25,-3.725,7.62));
#1409=DIRECTION('',(-1.0,0.0,-6.12303176911189E-17));
#1410=DIRECTION('',(6.12303176911189E-17,0.0,-1.0));
#1411=SURFACE_STYLE_FILL_AREA(#2330);
#1412=ORIENTED_EDGE('',*,*,#2282,.T.);
#1413=ORIENTED_EDGE('',*,*,#2331,.F.);
#1414=ORIENTED_EDGE('',*,*,#2332,.F.);
#1415=ORIENTED_EDGE('',*,*,#2333,.F.);
#1416=ORIENTED_EDGE('',*,*,#2334,.F.);
#1417=CARTESIAN_POINT('',(3.65,-7.65378971138986E-17,8.87));
#1418=DIRECTION('',(3.04170691678125E-17,-6.12303176911189E-17,1.0));
#1419=DIRECTION('',(0.0,-1.0,-6.12303176911189E-17));
#1420=SURFACE_STYLE_FILL_AREA(#2335);
#1421=ORIENTED_EDGE('',*,*,#2244,.T.);
#1422=ORIENTED_EDGE('',*,*,#2284,.T.);
#1423=ORIENTED_EDGE('',*,*,#2254,.T.);
#1424=ORIENTED_EDGE('',*,*,#2336,.F.);
#1425=CARTESIAN_POINT('',(3.65,-7.65378971138986E-17,8.87));
#1426=DIRECTION('',(3.04170691678125E-17,-6.12303176911189E-17,1.0));
#1427=DIRECTION('',(0.0,-1.0,-6.12303176911189E-17));
#1428=SURFACE_STYLE_FILL_AREA(#2337);
#1429=ORIENTED_EDGE('',*,*,#2281,.T.);
#1430=ORIENTED_EDGE('',*,*,#2338,.T.);
#1431=ORIENTED_EDGE('',*,*,#2339,.T.);
#1432=ORIENTED_EDGE('',*,*,#2331,.T.);
#1433=CARTESIAN_POINT('',(4.15573683548744,4.15,5.12));
#1434=DIRECTION('',(-0.0,1.0,0.0));
#1435=DIRECTION('',(1.0,0.0,0.0));
#1436=SURFACE_STYLE_FILL_AREA(#2340);
#1437=ORIENTED_EDGE('',*,*,#2280,.T.);
#1438=ORIENTED_EDGE('',*,*,#2341,.F.);
#1439=ORIENTED_EDGE('',*,*,#2342,.T.);
#1440=ORIENTED_EDGE('',*,*,#2343,.F.);
#1441=ORIENTED_EDGE('',*,*,#2338,.F.);
#1442=CARTESIAN_POINT('',(3.65,7.65378971138986E-17,6.37));
#1443=DIRECTION('',(0.0,6.12303176911189E-17,-1.0));
#1444=DIRECTION('',(-1.0,0.0,0.0));
#1445=SURFACE_STYLE_FILL_AREA(#2344);
#1446=ORIENTED_EDGE('',*,*,#2287,.T.);
#1447=ORIENTED_EDGE('',*,*,#2239,.T.);
#1448=ORIENTED_EDGE('',*,*,#2302,.T.);
#1449=ORIENTED_EDGE('',*,*,#2298,.F.);
#1450=ORIENTED_EDGE('',*,*,#2249,.T.);
#1451=ORIENTED_EDGE('',*,*,#2235,.T.);
#1452=ORIENTED_EDGE('',*,*,#2231,.T.);
#1453=ORIENTED_EDGE('',*,*,#2345,.T.);
#1454=ORIENTED_EDGE('',*,*,#2346,.T.);
#1455=ORIENTED_EDGE('',*,*,#2347,.F.);
#1456=ORIENTED_EDGE('',*,*,#2348,.T.);
#1457=ORIENTED_EDGE('',*,*,#2349,.T.);
#1458=CARTESIAN_POINT('',(4.15,0.5,7.62));
#1459=DIRECTION('',(0.0,-1.0,0.0));
#1460=DIRECTION('',(0.0,0.0,-1.0));
#1461=SURFACE_STYLE_FILL_AREA(#2350);
#1462=ORIENTED_EDGE('',*,*,#2351,.F.);
#1463=ORIENTED_EDGE('',*,*,#2352,.F.);
#1464=ORIENTED_EDGE('',*,*,#2353,.F.);
#1465=ORIENTED_EDGE('',*,*,#2354,.F.);
#1466=ORIENTED_EDGE('',*,*,#2355,.F.);
#1467=ORIENTED_EDGE('',*,*,#2356,.F.);
#1468=CARTESIAN_POINT('',(6.81,3.13809523809524,2.54));
#1469=DIRECTION('',(-1.0,0.0,6.12303176911189E-17));
#1470=DIRECTION('',(0.0,1.0,0.0));
#1471=SURFACE_STYLE_FILL_AREA(#2357);
#1472=ORIENTED_EDGE('',*,*,#2358,.F.);
#1473=ORIENTED_EDGE('',*,*,#2359,.F.);
#1474=ORIENTED_EDGE('',*,*,#2360,.T.);
#1475=ORIENTED_EDGE('',*,*,#2353,.T.);
#1476=CARTESIAN_POINT('',(6.91,1.65,1.64));
#1477=DIRECTION('',(6.12303176911189E-17,-0.0,1.0));
#1478=DIRECTION('',(1.0,0.0,-6.12303176911189E-17));
#1479=SURFACE_STYLE_FILL_AREA(#2361);
#1480=ORIENTED_EDGE('',*,*,#2362,.F.);
#1481=ORIENTED_EDGE('',*,*,#2363,.F.);
#1482=ORIENTED_EDGE('',*,*,#2364,.F.);
#1483=CARTESIAN_POINT('',(2.91640388425617,2.66068050702801,1.19));
#1484=DIRECTION('',(0.0,0.0,1.0));
#1485=DIRECTION('',(1.0,0.0,0.0));
#1486=SURFACE_STYLE_FILL_AREA(#2365);
#1487=ORIENTED_EDGE('',*,*,#2366,.F.);
#1488=ORIENTED_EDGE('',*,*,#2367,.T.);
#1489=ORIENTED_EDGE('',*,*,#2368,.F.);
#1490=ORIENTED_EDGE('',*,*,#2363,.T.);
#1491=CARTESIAN_POINT('',(1.5,1.375,1.19));
#1492=DIRECTION('',(1.0,-8.88178419700125E-17,0.0));
#1493=DIRECTION('',(-8.88178419700125E-17,-1.0,0.0));
#1494=SURFACE_STYLE_FILL_AREA(#2369);
#1495=ORIENTED_EDGE('',*,*,#2370,.F.);
#1496=ORIENTED_EDGE('',*,*,#2371,.T.);
#1497=ORIENTED_EDGE('',*,*,#2372,.F.);
#1498=ORIENTED_EDGE('',*,*,#2373,.T.);
#1499=CARTESIAN_POINT('',(1.5,1.375,1.19));
#1500=DIRECTION('',(1.0,-8.88178419700125E-17,0.0));
#1501=DIRECTION('',(-8.88178419700125E-17,-1.0,0.0));
#1502=SURFACE_STYLE_FILL_AREA(#2374);
#1503=ORIENTED_EDGE('',*,*,#2375,.F.);
#1504=ORIENTED_EDGE('',*,*,#2376,.F.);
#1505=ORIENTED_EDGE('',*,*,#2377,.F.);
#1506=ORIENTED_EDGE('',*,*,#2378,.T.);
#1507=CARTESIAN_POINT('',(1.5,1.375,1.19));
#1508=DIRECTION('',(1.0,-8.88178419700125E-17,0.0));
#1509=DIRECTION('',(-8.88178419700125E-17,-1.0,0.0));
#1510=SURFACE_STYLE_FILL_AREA(#2379);
#1511=ORIENTED_EDGE('',*,*,#2380,.F.);
#1512=ORIENTED_EDGE('',*,*,#2381,.F.);
#1513=ORIENTED_EDGE('',*,*,#2382,.F.);
#1514=ORIENTED_EDGE('',*,*,#2383,.F.);
#1515=ORIENTED_EDGE('',*,*,#2367,.F.);
#1516=CARTESIAN_POINT('',(3.0,0.25,1.865));
#1517=DIRECTION('',(0.0,0.0,1.0));
#1518=DIRECTION('',(1.0,0.0,0.0));
#1519=SURFACE_STYLE_FILL_AREA(#2384);
#1520=ORIENTED_EDGE('',*,*,#2385,.F.);
#1521=ORIENTED_EDGE('',*,*,#2386,.F.);
#1522=ORIENTED_EDGE('',*,*,#2387,.F.);
#1523=ORIENTED_EDGE('',*,*,#2388,.F.);
#1524=ORIENTED_EDGE('',*,*,#2389,.F.);
#1525=ORIENTED_EDGE('',*,*,#2390,.F.);
#1526=CARTESIAN_POINT('',(6.81,3.13809523809524,2.54));
#1527=DIRECTION('',(-1.0,0.0,6.12303176911189E-17));
#1528=DIRECTION('',(0.0,1.0,0.0));
#1529=SURFACE_STYLE_FILL_AREA(#2391);
#1530=ORIENTED_EDGE('',*,*,#2392,.F.);
#1531=ORIENTED_EDGE('',*,*,#2389,.T.);
#1532=ORIENTED_EDGE('',*,*,#2393,.F.);
#1533=ORIENTED_EDGE('',*,*,#2394,.T.);
#1534=CARTESIAN_POINT('',(6.91,1.65,3.44));
#1535=DIRECTION('',(-6.12303176911189E-17,0.0,-1.0));
#1536=DIRECTION('',(-1.0,0.0,6.12303176911189E-17));
#1537=SURFACE_STYLE_FILL_AREA(#2395);
#1538=ORIENTED_EDGE('',*,*,#2388,.T.);
#1539=ORIENTED_EDGE('',*,*,#2396,.F.);
#1540=ORIENTED_EDGE('',*,*,#2397,.T.);
#1541=ORIENTED_EDGE('',*,*,#2393,.T.);
#1542=CARTESIAN_POINT('',(6.91,1.75,3.565));
#1543=DIRECTION('',(-0.0,1.0,0.0));
#1544=DIRECTION('',(1.0,0.0,0.0));
#1545=SURFACE_STYLE_FILL_AREA(#2398);
#1546=ORIENTED_EDGE('',*,*,#2387,.T.);
#1547=ORIENTED_EDGE('',*,*,#2399,.F.);
#1548=ORIENTED_EDGE('',*,*,#2400,.F.);
#1549=ORIENTED_EDGE('',*,*,#2396,.T.);
#1550=CARTESIAN_POINT('',(6.91,2.9,3.69));
#1551=DIRECTION('',(-6.12303176911189E-17,9.65411325761006E-17,-1.0));
#1552=DIRECTION('',(-1.0,0.0,6.12303176911189E-17));
#1553=SURFACE_STYLE_FILL_AREA(#2401);
#1554=ORIENTED_EDGE('',*,*,#2355,.T.);
#1555=ORIENTED_EDGE('',*,*,#2402,.F.);
#1556=ORIENTED_EDGE('',*,*,#2403,.F.);
#1557=ORIENTED_EDGE('',*,*,#2404,.F.);
#1558=CARTESIAN_POINT('',(6.91,2.9,1.39));
#1559=DIRECTION('',(6.12303176911189E-17,-9.65411325761006E-17,1.0));
#1560=DIRECTION('',(0.0,-1.0,-9.65411325761006E-17));
#1561=SURFACE_STYLE_FILL_AREA(#2405);
#1562=ORIENTED_EDGE('',*,*,#2354,.T.);
#1563=ORIENTED_EDGE('',*,*,#2360,.F.);
#1564=ORIENTED_EDGE('',*,*,#2406,.F.);
#1565=ORIENTED_EDGE('',*,*,#2402,.T.);
#1566=CARTESIAN_POINT('',(6.91,1.75,1.515));
#1567=DIRECTION('',(-0.0,1.0,0.0));
#1568=DIRECTION('',(1.0,0.0,0.0));
#1569=SURFACE_STYLE_FILL_AREA(#2407);
#1570=ORIENTED_EDGE('',*,*,#2408,.F.);
#1571=ORIENTED_EDGE('',*,*,#2394,.F.);
#1572=ORIENTED_EDGE('',*,*,#2397,.F.);
#1573=ORIENTED_EDGE('',*,*,#2400,.T.);
#1574=ORIENTED_EDGE('',*,*,#2409,.T.);
#1575=ORIENTED_EDGE('',*,*,#2403,.T.);
#1576=ORIENTED_EDGE('',*,*,#2406,.T.);
#1577=ORIENTED_EDGE('',*,*,#2359,.T.);
#1578=ORIENTED_EDGE('',*,*,#2410,.F.);
#1579=ORIENTED_EDGE('',*,*,#2411,.F.);
#1580=ORIENTED_EDGE('',*,*,#2412,.F.);
#1581=ORIENTED_EDGE('',*,*,#2413,.F.);
#1582=CARTESIAN_POINT('',(6.91,3.13809523809524,2.54));
#1583=DIRECTION('',(-1.0,0.0,6.12303176911189E-17));
#1584=DIRECTION('',(0.0,1.0,0.0));
#1585=SURFACE_STYLE_FILL_AREA(#2414);
#1586=ORIENTED_EDGE('',*,*,#2415,.F.);
#1587=ORIENTED_EDGE('',*,*,#2378,.F.);
#1588=ORIENTED_EDGE('',*,*,#2416,.F.);
#1589=ORIENTED_EDGE('',*,*,#2356,.T.);
#1590=ORIENTED_EDGE('',*,*,#2404,.T.);
#1591=ORIENTED_EDGE('',*,*,#2409,.F.);
#1592=ORIENTED_EDGE('',*,*,#2399,.T.);
#1593=ORIENTED_EDGE('',*,*,#2386,.T.);
#1594=CARTESIAN_POINT('',(4.2,4.05,1.19));
#1595=DIRECTION('',(0.0,-1.0,0.0));
#1596=DIRECTION('',(0.0,0.0,-1.0));
#1597=SURFACE_STYLE_FILL_AREA(#2417);
#1598=ORIENTED_EDGE('',*,*,#2418,.F.);
#1599=ORIENTED_EDGE('',*,*,#2419,.F.);
#1600=ORIENTED_EDGE('',*,*,#2371,.F.);
#1601=CARTESIAN_POINT('',(2.91640388425617,2.66068050702801,3.89));
#1602=DIRECTION('',(0.0,0.0,1.0));
#1603=DIRECTION('',(1.0,0.0,0.0));
#1604=SURFACE_STYLE_FILL_AREA(#2420);
#1605=ORIENTED_EDGE('',*,*,#2421,.F.);
#1606=ORIENTED_EDGE('',*,*,#2422,.F.);
#1607=ORIENTED_EDGE('',*,*,#2423,.F.);
#1608=ORIENTED_EDGE('',*,*,#2424,.T.);
#1609=ORIENTED_EDGE('',*,*,#2425,.T.);
#1610=ORIENTED_EDGE('',*,*,#2426,.F.);
#1611=ORIENTED_EDGE('',*,*,#2383,.T.);
#1612=ORIENTED_EDGE('',*,*,#2427,.T.);
#1613=CARTESIAN_POINT('',(2.75,0.0,1.19));
#1614=DIRECTION('',(0.0,-1.0,0.0));
#1615=DIRECTION('',(0.0,0.0,-1.0));
#1616=SURFACE_STYLE_FILL_AREA(#2428);
#1617=ORIENTED_EDGE('',*,*,#2381,.T.);
#1618=ORIENTED_EDGE('',*,*,#2429,.T.);
#1619=ORIENTED_EDGE('',*,*,#2430,.T.);
#1620=ORIENTED_EDGE('',*,*,#2431,.F.);
#1621=CARTESIAN_POINT('',(3.75,0.25,1.19));
#1622=DIRECTION('',(0.0,0.0,-1.0));
#1623=DIRECTION('',(1.0,0.0,0.0));
#1624=SURFACE_STYLE_FILL_AREA(#2432);
#1625=ORIENTED_EDGE('',*,*,#2433,.F.);
#1626=ORIENTED_EDGE('',*,*,#2373,.F.);
#1627=ORIENTED_EDGE('',*,*,#2425,.F.);
#1628=ORIENTED_EDGE('',*,*,#2434,.F.);
#1629=ORIENTED_EDGE('',*,*,#2430,.F.);
#1630=CARTESIAN_POINT('',(3.0,0.25,3.215));
#1631=DIRECTION('',(0.0,0.0,1.0));
#1632=DIRECTION('',(1.0,0.0,0.0));
#1633=SURFACE_STYLE_FILL_AREA(#2435);
#1634=ORIENTED_EDGE('',*,*,#2419,.T.);
#1635=ORIENTED_EDGE('',*,*,#2436,.T.);
#1636=ORIENTED_EDGE('',*,*,#2364,.T.);
#1637=ORIENTED_EDGE('',*,*,#2368,.T.);
#1638=ORIENTED_EDGE('',*,*,#2426,.T.);
#1639=ORIENTED_EDGE('',*,*,#2372,.T.);
#1640=CARTESIAN_POINT('',(1.5,0.5,1.19));
#1641=DIRECTION('',(0.0,0.0,-1.0));
#1642=DIRECTION('',(1.0,0.0,0.0));
#1643=SURFACE_STYLE_FILL_AREA(#2437);
#1644=ORIENTED_EDGE('',*,*,#2438,.T.);
#1645=ORIENTED_EDGE('',*,*,#2427,.F.);
#1646=ORIENTED_EDGE('',*,*,#2382,.T.);
#1647=ORIENTED_EDGE('',*,*,#2431,.T.);
#1648=ORIENTED_EDGE('',*,*,#2434,.T.);
#1649=ORIENTED_EDGE('',*,*,#2424,.F.);
#1650=ORIENTED_EDGE('',*,*,#2439,.T.);
#1651=ORIENTED_EDGE('',*,*,#2440,.T.);
#1652=ORIENTED_EDGE('',*,*,#2441,.F.);
#1653=ORIENTED_EDGE('',*,*,#2442,.T.);
#1654=CARTESIAN_POINT('',(4.0,-1.42547707926605,2.04));
#1655=DIRECTION('',(1.0,-2.28957007403558E-17,0.0));
#1656=DIRECTION('',(-2.28957007403558E-17,-1.0,0.0));
#1657=SURFACE_STYLE_FILL_AREA(#2443);
#1658=ORIENTED_EDGE('',*,*,#2423,.T.);
#1659=ORIENTED_EDGE('',*,*,#2444,.F.);
#1660=ORIENTED_EDGE('',*,*,#2445,.T.);
#1661=ORIENTED_EDGE('',*,*,#2439,.F.);
#1662=CARTESIAN_POINT('',(3.25,-1.7375,2.915));
#1663=DIRECTION('',(-6.12303176911189E-17,2.09476042382105E-16,1.0));
#1664=DIRECTION('',(0.0,-1.0,2.09476042382105E-16));
#1665=SURFACE_STYLE_FILL_AREA(#2446);
#1666=ORIENTED_EDGE('',*,*,#2447,.T.);
#1667=ORIENTED_EDGE('',*,*,#2448,.F.);
#1668=ORIENTED_EDGE('',*,*,#2449,.T.);
#1669=CARTESIAN_POINT('',(3.75,-3.85,2.04));
#1670=DIRECTION('',(0.0,0.0,-1.0));
#1671=DIRECTION('',(1.0,0.0,0.0));
#1672=SURFACE_STYLE_FILL_AREA(#2450);
#1673=ORIENTED_EDGE('',*,*,#2451,.T.);
#1674=ORIENTED_EDGE('',*,*,#2452,.T.);
#1675=ORIENTED_EDGE('',*,*,#2441,.T.);
#1676=CARTESIAN_POINT('',(3.75,-3.85,2.04));
#1677=DIRECTION('',(0.0,0.0,-1.0));
#1678=DIRECTION('',(1.0,0.0,0.0));
#1679=SURFACE_STYLE_FILL_AREA(#2453);
#1680=ORIENTED_EDGE('',*,*,#2422,.T.);
#1681=ORIENTED_EDGE('',*,*,#2454,.T.);
#1682=ORIENTED_EDGE('',*,*,#2455,.T.);
#1683=ORIENTED_EDGE('',*,*,#2448,.T.);
#1684=ORIENTED_EDGE('',*,*,#2456,.T.);
#1685=ORIENTED_EDGE('',*,*,#2444,.T.);
#1686=CARTESIAN_POINT('',(3.5,-1.42547707926605,2.04));
#1687=DIRECTION('',(-1.0,-0.0,0.0));
#1688=DIRECTION('',(0.0,0.0,1.0));
#1689=SURFACE_STYLE_FILL_AREA(#2457);
#1690=ORIENTED_EDGE('',*,*,#2442,.F.);
#1691=ORIENTED_EDGE('',*,*,#2452,.F.);
#1692=ORIENTED_EDGE('',*,*,#2449,.F.);
#1693=ORIENTED_EDGE('',*,*,#2455,.F.);
#1694=ORIENTED_EDGE('',*,*,#2458,.T.);
#1695=CARTESIAN_POINT('',(3.25,-3.725,2.54));
#1696=DIRECTION('',(-1.0,0.0,-6.12303176911189E-17));
#1697=DIRECTION('',(6.12303176911189E-17,0.0,-1.0));
#1698=SURFACE_STYLE_FILL_AREA(#2459);
#1699=ORIENTED_EDGE('',*,*,#2421,.T.);
#1700=ORIENTED_EDGE('',*,*,#2438,.F.);
#1701=ORIENTED_EDGE('',*,*,#2458,.F.);
#1702=ORIENTED_EDGE('',*,*,#2454,.F.);
#1703=CARTESIAN_POINT('',(3.25,-1.7375,2.165));
#1704=DIRECTION('',(6.12303176911189E-17,1.39650694921403E-17,-1.0));
#1705=DIRECTION('',(0.0,-1.0,-1.39650694921403E-17));
#1706=SURFACE_STYLE_FILL_AREA(#2460);
#1707=ORIENTED_EDGE('',*,*,#2440,.F.);
#1708=ORIENTED_EDGE('',*,*,#2445,.F.);
#1709=ORIENTED_EDGE('',*,*,#2456,.F.);
#1710=ORIENTED_EDGE('',*,*,#2447,.F.);
#1711=ORIENTED_EDGE('',*,*,#2451,.F.);
#1712=CARTESIAN_POINT('',(3.25,-3.725,2.54));
#1713=DIRECTION('',(-1.0,0.0,-6.12303176911189E-17));
#1714=DIRECTION('',(6.12303176911189E-17,0.0,-1.0));
#1715=SURFACE_STYLE_FILL_AREA(#2461);
#1716=ORIENTED_EDGE('',*,*,#2413,.T.);
#1717=ORIENTED_EDGE('',*,*,#2462,.F.);
#1718=ORIENTED_EDGE('',*,*,#2463,.F.);
#1719=ORIENTED_EDGE('',*,*,#2464,.F.);
#1720=ORIENTED_EDGE('',*,*,#2465,.F.);
#1721=CARTESIAN_POINT('',(3.65,-7.65378971138986E-17,3.79));
#1722=DIRECTION('',(3.04170691678125E-17,-6.12303176911189E-17,1.0));
#1723=DIRECTION('',(0.0,-1.0,-6.12303176911189E-17));
#1724=SURFACE_STYLE_FILL_AREA(#2466);
#1725=ORIENTED_EDGE('',*,*,#2375,.T.);
#1726=ORIENTED_EDGE('',*,*,#2415,.T.);
#1727=ORIENTED_EDGE('',*,*,#2385,.T.);
#1728=ORIENTED_EDGE('',*,*,#2467,.F.);
#1729=CARTESIAN_POINT('',(3.65,-7.65378971138986E-17,3.79));
#1730=DIRECTION('',(3.04170691678125E-17,-6.12303176911189E-17,1.0));
#1731=DIRECTION('',(0.0,-1.0,-6.12303176911189E-17));
#1732=SURFACE_STYLE_FILL_AREA(#2468);
#1733=ORIENTED_EDGE('',*,*,#2412,.T.);
#1734=ORIENTED_EDGE('',*,*,#2469,.T.);
#1735=ORIENTED_EDGE('',*,*,#2470,.T.);
#1736=ORIENTED_EDGE('',*,*,#2462,.T.);
#1737=CARTESIAN_POINT('',(4.15573683548744,4.15,0.04));
#1738=DIRECTION('',(-0.0,1.0,0.0));
#1739=DIRECTION('',(1.0,0.0,0.0));
#1740=SURFACE_STYLE_FILL_AREA(#2471);
#1741=ORIENTED_EDGE('',*,*,#2411,.T.);
#1742=ORIENTED_EDGE('',*,*,#2472,.F.);
#1743=ORIENTED_EDGE('',*,*,#2473,.T.);
#1744=ORIENTED_EDGE('',*,*,#2474,.F.);
#1745=ORIENTED_EDGE('',*,*,#2469,.F.);
#1746=CARTESIAN_POINT('',(3.65,7.65378971138986E-17,1.29));
#1747=DIRECTION('',(0.0,6.12303176911189E-17,-1.0));
#1748=DIRECTION('',(-1.0,0.0,0.0));
#1749=SURFACE_STYLE_FILL_AREA(#2475);
#1750=ORIENTED_EDGE('',*,*,#2418,.T.);
#1751=ORIENTED_EDGE('',*,*,#2370,.T.);
#1752=ORIENTED_EDGE('',*,*,#2433,.T.);
#1753=ORIENTED_EDGE('',*,*,#2429,.F.);
#1754=ORIENTED_EDGE('',*,*,#2380,.T.);
#1755=ORIENTED_EDGE('',*,*,#2366,.T.);
#1756=ORIENTED_EDGE('',*,*,#2362,.T.);
#1757=ORIENTED_EDGE('',*,*,#2476,.T.);
#1758=ORIENTED_EDGE('',*,*,#2477,.T.);
#1759=ORIENTED_EDGE('',*,*,#2478,.F.);
#1760=ORIENTED_EDGE('',*,*,#2479,.T.);
#1761=ORIENTED_EDGE('',*,*,#2480,.T.);
#1762=CARTESIAN_POINT('',(4.15,0.5,2.54));
#1763=DIRECTION('',(0.0,-1.0,0.0));
#1764=DIRECTION('',(0.0,0.0,-1.0));
#1765=SURFACE_STYLE_FILL_AREA(#2481);
#1766=ORIENTED_EDGE('',*,*,#2211,.T.);
#1767=ORIENTED_EDGE('',*,*,#2482,.T.);
#1768=ORIENTED_EDGE('',*,*,#2483,.T.);
#1769=ORIENTED_EDGE('',*,*,#2484,.F.);
#1770=ORIENTED_EDGE('',*,*,#2485,.T.);
#1771=ORIENTED_EDGE('',*,*,#2486,.T.);
#1772=ORIENTED_EDGE('',*,*,#2213,.T.);
#1773=ORIENTED_EDGE('',*,*,#2487,.F.);
#1774=CARTESIAN_POINT('',(4.15,8.35,7.62));
#1775=DIRECTION('',(0.0,-1.0,0.0));
#1776=DIRECTION('',(1.0,0.0,0.0));
#1777=SURFACE_STYLE_FILL_AREA(#2488);
#1778=ORIENTED_EDGE('',*,*,#2215,.F.);
#1779=ORIENTED_EDGE('',*,*,#2489,.F.);
#1780=ORIENTED_EDGE('',*,*,#2217,.F.);
#1781=ORIENTED_EDGE('',*,*,#2490,.F.);
#1782=CARTESIAN_POINT('',(4.15,9.85,7.495));
#1783=DIRECTION('',(0.0,0.0,1.0));
#1784=DIRECTION('',(1.0,0.0,0.0));
#1785=SURFACE_STYLE_FILL_AREA(#2491);
#1786=ORIENTED_EDGE('',*,*,#2486,.F.);
#1787=ORIENTED_EDGE('',*,*,#2492,.T.);
#1788=ORIENTED_EDGE('',*,*,#2482,.F.);
#1789=ORIENTED_EDGE('',*,*,#2218,.F.);
#1790=ORIENTED_EDGE('',*,*,#2489,.T.);
#1791=ORIENTED_EDGE('',*,*,#2214,.F.);
#1792=CARTESIAN_POINT('',(4.15,8.85,7.62));
#1793=DIRECTION('',(-0.0,1.0,0.0));
#1794=DIRECTION('',(1.0,0.0,0.0));
#1795=SURFACE_STYLE_FILL_AREA(#2493);
#1796=ORIENTED_EDGE('',*,*,#2485,.F.);
#1797=ORIENTED_EDGE('',*,*,#2494,.F.);
#1798=ORIENTED_EDGE('',*,*,#2483,.F.);
#1799=ORIENTED_EDGE('',*,*,#2492,.F.);
#1800=CARTESIAN_POINT('',(4.15,9.85,7.745));
#1801=DIRECTION('',(0.0,0.0,1.0));
#1802=DIRECTION('',(1.0,0.0,0.0));
#1803=SURFACE_STYLE_FILL_AREA(#2495);
#1804=ORIENTED_EDGE('',*,*,#2490,.T.);
#1805=ORIENTED_EDGE('',*,*,#2216,.T.);
#1806=CARTESIAN_POINT('',(4.15,9.1,7.62));
#1807=DIRECTION('',(0.0,1.0,0.0));
#1808=DIRECTION('',(1.0,0.0,-0.0));
#1809=SURFACE_STYLE_FILL_AREA(#2496);
#1810=ORIENTED_EDGE('',*,*,#2494,.T.);
#1811=ORIENTED_EDGE('',*,*,#2484,.T.);
#1812=CARTESIAN_POINT('',(4.15,9.1,7.62));
#1813=DIRECTION('',(0.0,1.0,0.0));
#1814=DIRECTION('',(1.0,0.0,-0.0));
#1815=SURFACE_STYLE_FILL_AREA(#2497);
#1816=ORIENTED_EDGE('',*,*,#2202,.T.);
#1817=ORIENTED_EDGE('',*,*,#2498,.T.);
#1818=ORIENTED_EDGE('',*,*,#2499,.T.);
#1819=ORIENTED_EDGE('',*,*,#2500,.F.);
#1820=ORIENTED_EDGE('',*,*,#2501,.T.);
#1821=ORIENTED_EDGE('',*,*,#2502,.T.);
#1822=ORIENTED_EDGE('',*,*,#2204,.T.);
#1823=ORIENTED_EDGE('',*,*,#2503,.F.);
#1824=CARTESIAN_POINT('',(4.15,8.35,2.54));
#1825=DIRECTION('',(0.0,-1.0,0.0));
#1826=DIRECTION('',(1.0,0.0,0.0));
#1827=SURFACE_STYLE_FILL_AREA(#2504);
#1828=ORIENTED_EDGE('',*,*,#2206,.F.);
#1829=ORIENTED_EDGE('',*,*,#2505,.F.);
#1830=ORIENTED_EDGE('',*,*,#2208,.F.);
#1831=ORIENTED_EDGE('',*,*,#2506,.F.);
#1832=CARTESIAN_POINT('',(4.15,9.85,2.415));
#1833=DIRECTION('',(0.0,0.0,1.0));
#1834=DIRECTION('',(1.0,0.0,0.0));
#1835=SURFACE_STYLE_FILL_AREA(#2507);
#1836=ORIENTED_EDGE('',*,*,#2502,.F.);
#1837=ORIENTED_EDGE('',*,*,#2508,.T.);
#1838=ORIENTED_EDGE('',*,*,#2498,.F.);
#1839=ORIENTED_EDGE('',*,*,#2209,.F.);
#1840=ORIENTED_EDGE('',*,*,#2505,.T.);
#1841=ORIENTED_EDGE('',*,*,#2205,.F.);
#1842=CARTESIAN_POINT('',(4.15,8.85,2.54));
#1843=DIRECTION('',(-0.0,1.0,0.0));
#1844=DIRECTION('',(1.0,0.0,0.0));
#1845=SURFACE_STYLE_FILL_AREA(#2509);
#1846=ORIENTED_EDGE('',*,*,#2501,.F.);
#1847=ORIENTED_EDGE('',*,*,#2510,.F.);
#1848=ORIENTED_EDGE('',*,*,#2499,.F.);
#1849=ORIENTED_EDGE('',*,*,#2508,.F.);
#1850=CARTESIAN_POINT('',(4.15,9.85,2.665));
#1851=DIRECTION('',(0.0,0.0,1.0));
#1852=DIRECTION('',(1.0,0.0,0.0));
#1853=SURFACE_STYLE_FILL_AREA(#2511);
#1854=ORIENTED_EDGE('',*,*,#2506,.T.);
#1855=ORIENTED_EDGE('',*,*,#2207,.T.);
#1856=CARTESIAN_POINT('',(4.15,9.1,2.54));
#1857=DIRECTION('',(0.0,1.0,0.0));
#1858=DIRECTION('',(1.0,0.0,-0.0));
#1859=SURFACE_STYLE_FILL_AREA(#2512);
#1860=ORIENTED_EDGE('',*,*,#2510,.T.);
#1861=ORIENTED_EDGE('',*,*,#2500,.T.);
#1862=CARTESIAN_POINT('',(4.15,9.1,2.54));
#1863=DIRECTION('',(0.0,1.0,0.0));
#1864=DIRECTION('',(1.0,0.0,-0.0));
#1865=SURFACE_STYLE_FILL_AREA(#2513);
#1866=ORIENTED_EDGE('',*,*,#2514,.F.);
#1867=ORIENTED_EDGE('',*,*,#2515,.F.);
#1868=ORIENTED_EDGE('',*,*,#2348,.F.);
#1869=ORIENTED_EDGE('',*,*,#2516,.F.);
#1870=CARTESIAN_POINT('',(4.15,-0.25,8.995));
#1871=DIRECTION('',(0.0,0.0,1.0));
#1872=DIRECTION('',(1.0,0.0,0.0));
#1873=SURFACE_STYLE_FILL_AREA(#2517);
#1874=ORIENTED_EDGE('',*,*,#2518,.F.);
#1875=ORIENTED_EDGE('',*,*,#2516,.T.);
#1876=ORIENTED_EDGE('',*,*,#2347,.T.);
#1877=ORIENTED_EDGE('',*,*,#2519,.T.);
#1878=CARTESIAN_POINT('',(7.3,-0.25,7.62));
#1879=DIRECTION('',(-1.0,0.0,0.0));
#1880=DIRECTION('',(0.0,0.0,1.0));
#1881=SURFACE_STYLE_FILL_AREA(#2520);
#1882=ORIENTED_EDGE('',*,*,#2521,.F.);
#1883=ORIENTED_EDGE('',*,*,#2519,.F.);
#1884=ORIENTED_EDGE('',*,*,#2346,.F.);
#1885=ORIENTED_EDGE('',*,*,#2522,.F.);
#1886=CARTESIAN_POINT('',(4.15,-0.25,6.245));
#1887=DIRECTION('',(0.0,0.0,1.0));
#1888=DIRECTION('',(1.0,0.0,0.0));
#1889=SURFACE_STYLE_FILL_AREA(#2523);
#1890=ORIENTED_EDGE('',*,*,#2524,.F.);
#1891=ORIENTED_EDGE('',*,*,#2522,.T.);
#1892=ORIENTED_EDGE('',*,*,#2345,.F.);
#1893=ORIENTED_EDGE('',*,*,#2305,.F.);
#1894=ORIENTED_EDGE('',*,*,#2349,.F.);
#1895=ORIENTED_EDGE('',*,*,#2515,.T.);
#1896=CARTESIAN_POINT('',(1.0,-0.25,7.62));
#1897=DIRECTION('',(1.0,0.0,0.0));
#1898=DIRECTION('',(0.0,1.0,0.0));
#1899=SURFACE_STYLE_FILL_AREA(#2525);
#1900=ORIENTED_EDGE('',*,*,#2526,.F.);
#1901=ORIENTED_EDGE('',*,*,#2527,.F.);
#1902=ORIENTED_EDGE('',*,*,#2479,.F.);
#1903=ORIENTED_EDGE('',*,*,#2528,.F.);
#1904=CARTESIAN_POINT('',(4.15,-0.25,3.915));
#1905=DIRECTION('',(0.0,0.0,1.0));
#1906=DIRECTION('',(1.0,0.0,0.0));
#1907=SURFACE_STYLE_FILL_AREA(#2529);
#1908=ORIENTED_EDGE('',*,*,#2530,.F.);
#1909=ORIENTED_EDGE('',*,*,#2528,.T.);
#1910=ORIENTED_EDGE('',*,*,#2478,.T.);
#1911=ORIENTED_EDGE('',*,*,#2531,.T.);
#1912=CARTESIAN_POINT('',(7.3,-0.25,2.54));
#1913=DIRECTION('',(-1.0,0.0,0.0));
#1914=DIRECTION('',(0.0,0.0,1.0));
#1915=SURFACE_STYLE_FILL_AREA(#2532);
#1916=ORIENTED_EDGE('',*,*,#2533,.F.);
#1917=ORIENTED_EDGE('',*,*,#2531,.F.);
#1918=ORIENTED_EDGE('',*,*,#2477,.F.);
#1919=ORIENTED_EDGE('',*,*,#2534,.F.);
#1920=CARTESIAN_POINT('',(4.15,-0.25,1.165));
#1921=DIRECTION('',(0.0,0.0,1.0));
#1922=DIRECTION('',(1.0,0.0,0.0));
#1923=SURFACE_STYLE_FILL_AREA(#2535);
#1924=ORIENTED_EDGE('',*,*,#2536,.F.);
#1925=ORIENTED_EDGE('',*,*,#2534,.T.);
#1926=ORIENTED_EDGE('',*,*,#2476,.F.);
#1927=ORIENTED_EDGE('',*,*,#2436,.F.);
#1928=ORIENTED_EDGE('',*,*,#2480,.F.);
#1929=ORIENTED_EDGE('',*,*,#2527,.T.);
#1930=CARTESIAN_POINT('',(1.0,-0.25,2.54));
#1931=DIRECTION('',(1.0,0.0,0.0));
#1932=DIRECTION('',(0.0,1.0,0.0));
#1933=SURFACE_STYLE_FILL_AREA(#2537);
#1934=ORIENTED_EDGE('',*,*,#2538,.F.);
#1935=ORIENTED_EDGE('',*,*,#2333,.T.);
#1936=ORIENTED_EDGE('',*,*,#2539,.F.);
#1937=ORIENTED_EDGE('',*,*,#2540,.F.);
#1938=CARTESIAN_POINT('',(7.8,-8.47412042027168E-17,9.00397459621556));
#1939=DIRECTION('',(-0.258819045102521,-5.91439452097361E-17,0.965925826289068));
#1940=DIRECTION('',(-2.28514656586839E-16,1.0,0.0));
#1941=SURFACE_STYLE_FILL_AREA(#2541);
#1942=ORIENTED_EDGE('',*,*,#2246,.T.);
#1943=ORIENTED_EDGE('',*,*,#2542,.F.);
#1944=ORIENTED_EDGE('',*,*,#2220,.T.);
#1945=ORIENTED_EDGE('',*,*,#2285,.T.);
#1946=CARTESIAN_POINT('',(3.65,7.65378971138986E-17,6.37));
#1947=DIRECTION('',(0.0,6.12303176911189E-17,-1.0));
#1948=DIRECTION('',(-1.0,0.0,0.0));
#1949=SURFACE_STYLE_FILL_AREA(#2543);
#1950=ORIENTED_EDGE('',*,*,#2544,.F.);
#1951=ORIENTED_EDGE('',*,*,#2342,.F.);
#1952=ORIENTED_EDGE('',*,*,#2545,.F.);
#1953=ORIENTED_EDGE('',*,*,#2546,.F.);
#1954=CARTESIAN_POINT('',(7.8,8.47412042027168E-17,6.23602540378444));
#1955=DIRECTION('',(-0.258819045102521,5.91439452097361E-17,-0.965925826289068));
#1956=DIRECTION('',(-0.965925826289068,0.0,0.258819045102521));
#1957=SURFACE_STYLE_FILL_AREA(#2547);
#1958=ORIENTED_EDGE('',*,*,#2245,.T.);
#1959=ORIENTED_EDGE('',*,*,#2336,.T.);
#1960=ORIENTED_EDGE('',*,*,#2259,.T.);
#1961=ORIENTED_EDGE('',*,*,#2261,.T.);
#1962=ORIENTED_EDGE('',*,*,#2277,.T.);
#1963=ORIENTED_EDGE('',*,*,#2334,.T.);
#1964=ORIENTED_EDGE('',*,*,#2548,.F.);
#1965=ORIENTED_EDGE('',*,*,#2341,.T.);
#1966=ORIENTED_EDGE('',*,*,#2279,.T.);
#1967=ORIENTED_EDGE('',*,*,#2227,.T.);
#1968=ORIENTED_EDGE('',*,*,#2221,.T.);
#1969=ORIENTED_EDGE('',*,*,#2542,.T.);
#1970=CARTESIAN_POINT('',(4.35,1.65,5.12));
#1971=DIRECTION('',(3.76346788008528E-17,-1.0,0.0));
#1972=DIRECTION('',(0.0,0.0,-1.0));
#1973=SURFACE_STYLE_FILL_AREA(#2549);
#1974=ORIENTED_EDGE('',*,*,#2343,.T.);
#1975=ORIENTED_EDGE('',*,*,#2550,.T.);
#1976=ORIENTED_EDGE('',*,*,#2332,.T.);
#1977=ORIENTED_EDGE('',*,*,#2339,.F.);
#1978=CARTESIAN_POINT('',(7.10573683548744,4.875,5.12));
#1979=DIRECTION('',(-0.965925826289068,0.258819045102521,0.0));
#1980=DIRECTION('',(0.0,0.0,1.0));
#1981=SURFACE_STYLE_FILL_AREA(#2551);
#1982=ORIENTED_EDGE('',*,*,#2552,.F.);
#1983=ORIENTED_EDGE('',*,*,#2539,.T.);
#1984=ORIENTED_EDGE('',*,*,#2550,.F.);
#1985=ORIENTED_EDGE('',*,*,#2544,.T.);
#1986=CARTESIAN_POINT('',(8.3,5.6,5.12));
#1987=DIRECTION('',(-8.88178419700125E-16,1.0,0.0));
#1988=DIRECTION('',(1.0,8.88178419700125E-16,-0.0));
#1989=SURFACE_STYLE_FILL_AREA(#2553);
#1990=ORIENTED_EDGE('',*,*,#2545,.T.);
#1991=ORIENTED_EDGE('',*,*,#2548,.T.);
#1992=ORIENTED_EDGE('',*,*,#2538,.T.);
#1993=ORIENTED_EDGE('',*,*,#2554,.F.);
#1994=CARTESIAN_POINT('',(7.8,1.51602540378444,5.12));
#1995=DIRECTION('',(-0.258819045102521,-0.965925826289068,0.0));
#1996=DIRECTION('',(-0.965925826289068,0.258819045102521,0.0));
#1997=SURFACE_STYLE_FILL_AREA(#2555);
#1998=ORIENTED_EDGE('',*,*,#2556,.F.);
#1999=ORIENTED_EDGE('',*,*,#2464,.T.);
#2000=ORIENTED_EDGE('',*,*,#2557,.F.);
#2001=ORIENTED_EDGE('',*,*,#2558,.F.);
#2002=CARTESIAN_POINT('',(7.8,-8.47412042027168E-17,3.92397459621556));
#2003=DIRECTION('',(-0.258819045102521,-5.91439452097361E-17,0.965925826289068));
#2004=DIRECTION('',(-2.28514656586839E-16,1.0,0.0));
#2005=SURFACE_STYLE_FILL_AREA(#2559);
#2006=ORIENTED_EDGE('',*,*,#2377,.T.);
#2007=ORIENTED_EDGE('',*,*,#2560,.F.);
#2008=ORIENTED_EDGE('',*,*,#2351,.T.);
#2009=ORIENTED_EDGE('',*,*,#2416,.T.);
#2010=CARTESIAN_POINT('',(3.65,7.65378971138986E-17,1.29));
#2011=DIRECTION('',(0.0,6.12303176911189E-17,-1.0));
#2012=DIRECTION('',(-1.0,0.0,0.0));
#2013=SURFACE_STYLE_FILL_AREA(#2561);
#2014=ORIENTED_EDGE('',*,*,#2562,.F.);
#2015=ORIENTED_EDGE('',*,*,#2473,.F.);
#2016=ORIENTED_EDGE('',*,*,#2563,.F.);
#2017=ORIENTED_EDGE('',*,*,#2564,.F.);
#2018=CARTESIAN_POINT('',(7.8,8.47412042027168E-17,1.15602540378444));
#2019=DIRECTION('',(-0.258819045102521,5.91439452097361E-17,-0.965925826289068));
#2020=DIRECTION('',(-0.965925826289068,0.0,0.258819045102521));
#2021=SURFACE_STYLE_FILL_AREA(#2565);
#2022=ORIENTED_EDGE('',*,*,#2376,.T.);
#2023=ORIENTED_EDGE('',*,*,#2467,.T.);
#2024=ORIENTED_EDGE('',*,*,#2390,.T.);
#2025=ORIENTED_EDGE('',*,*,#2392,.T.);
#2026=ORIENTED_EDGE('',*,*,#2408,.T.);
#2027=ORIENTED_EDGE('',*,*,#2465,.T.);
#2028=ORIENTED_EDGE('',*,*,#2566,.F.);
#2029=ORIENTED_EDGE('',*,*,#2472,.T.);
#2030=ORIENTED_EDGE('',*,*,#2410,.T.);
#2031=ORIENTED_EDGE('',*,*,#2358,.T.);
#2032=ORIENTED_EDGE('',*,*,#2352,.T.);
#2033=ORIENTED_EDGE('',*,*,#2560,.T.);
#2034=CARTESIAN_POINT('',(4.35,1.65,0.04));
#2035=DIRECTION('',(3.76346788008528E-17,-1.0,0.0));
#2036=DIRECTION('',(0.0,0.0,-1.0));
#2037=SURFACE_STYLE_FILL_AREA(#2567);
#2038=ORIENTED_EDGE('',*,*,#2474,.T.);
#2039=ORIENTED_EDGE('',*,*,#2568,.T.);
#2040=ORIENTED_EDGE('',*,*,#2463,.T.);
#2041=ORIENTED_EDGE('',*,*,#2470,.F.);
#2042=CARTESIAN_POINT('',(7.10573683548744,4.875,0.04));
#2043=DIRECTION('',(-0.965925826289068,0.258819045102521,0.0));
#2044=DIRECTION('',(0.0,0.0,1.0));
#2045=SURFACE_STYLE_FILL_AREA(#2569);
#2046=ORIENTED_EDGE('',*,*,#2570,.F.);
#2047=ORIENTED_EDGE('',*,*,#2557,.T.);
#2048=ORIENTED_EDGE('',*,*,#2568,.F.);
#2049=ORIENTED_EDGE('',*,*,#2562,.T.);
#2050=CARTESIAN_POINT('',(8.3,5.6,0.04));
#2051=DIRECTION('',(-8.88178419700125E-16,1.0,0.0));
#2052=DIRECTION('',(1.0,8.88178419700125E-16,-0.0));
#2053=SURFACE_STYLE_FILL_AREA(#2571);
#2054=ORIENTED_EDGE('',*,*,#2563,.T.);
#2055=ORIENTED_EDGE('',*,*,#2566,.T.);
#2056=ORIENTED_EDGE('',*,*,#2556,.T.);
#2057=ORIENTED_EDGE('',*,*,#2572,.F.);
#2058=CARTESIAN_POINT('',(7.8,1.51602540378444,0.04));
#2059=DIRECTION('',(-0.258819045102521,-0.965925826289068,0.0));
#2060=DIRECTION('',(-0.965925826289068,0.258819045102521,0.0));
#2061=SURFACE_STYLE_FILL_AREA(#2573);
#2062=ORIENTED_EDGE('',*,*,#2197,.T.);
#2063=ORIENTED_EDGE('',*,*,#2574,.T.);
#2064=ORIENTED_EDGE('',*,*,#2199,.T.);
#2065=ORIENTED_EDGE('',*,*,#2575,.F.);
#2066=CARTESIAN_POINT('',(4.15,10.1,7.62));
#2067=DIRECTION('',(0.0,-1.0,0.0));
#2068=DIRECTION('',(1.0,0.0,0.0));
#2069=SURFACE_STYLE_FILL_AREA(#2576);
#2070=ORIENTED_EDGE('',*,*,#2574,.F.);
#2071=ORIENTED_EDGE('',*,*,#2200,.F.);
#2072=ORIENTED_EDGE('',*,*,#2212,.T.);
#2073=ORIENTED_EDGE('',*,*,#2487,.T.);
#2074=CARTESIAN_POINT('',(4.15,8.1,7.62));
#2075=DIRECTION('',(0.0,-1.0,0.0));
#2076=DIRECTION('',(0.0,0.0,-1.0));
#2077=SURFACE_STYLE_FILL_AREA(#2577);
#2078=ORIENTED_EDGE('',*,*,#2192,.T.);
#2079=ORIENTED_EDGE('',*,*,#2578,.T.);
#2080=ORIENTED_EDGE('',*,*,#2194,.T.);
#2081=ORIENTED_EDGE('',*,*,#2579,.F.);
#2082=CARTESIAN_POINT('',(4.15,10.1,2.54));
#2083=DIRECTION('',(0.0,-1.0,0.0));
#2084=DIRECTION('',(1.0,0.0,0.0));
#2085=SURFACE_STYLE_FILL_AREA(#2580);
#2086=ORIENTED_EDGE('',*,*,#2578,.F.);
#2087=ORIENTED_EDGE('',*,*,#2195,.F.);
#2088=ORIENTED_EDGE('',*,*,#2203,.T.);
#2089=ORIENTED_EDGE('',*,*,#2503,.T.);
#2090=CARTESIAN_POINT('',(4.15,8.1,2.54));
#2091=DIRECTION('',(0.0,-1.0,0.0));
#2092=DIRECTION('',(0.0,0.0,-1.0));
#2093=SURFACE_STYLE_FILL_AREA(#2581);
#2094=ORIENTED_EDGE('',*,*,#2582,.T.);
#2095=ORIENTED_EDGE('',*,*,#2583,.F.);
#2096=ORIENTED_EDGE('',*,*,#2584,.F.);
#2097=ORIENTED_EDGE('',*,*,#2585,.T.);
#2098=CARTESIAN_POINT('',(8.32667268468867E-17,2.04198729810778,0.0));
#2099=DIRECTION('',(-1.0,4.07772991164276E-17,0.0));
#2100=DIRECTION('',(0.0,0.0,1.0));
#2101=SURFACE_STYLE_FILL_AREA(#2586);
#2102=ORIENTED_EDGE('',*,*,#2587,.T.);
#2103=ORIENTED_EDGE('',*,*,#2588,.F.);
#2104=ORIENTED_EDGE('',*,*,#2589,.F.);
#2105=ORIENTED_EDGE('',*,*,#2583,.T.);
#2106=CARTESIAN_POINT('',(0.80599457429458,7.09198729810778,0.0));
#2107=DIRECTION('',(-0.965925826289068,0.258819045102521,0.0));
#2108=DIRECTION('',(0.0,0.0,1.0));
#2109=SURFACE_STYLE_FILL_AREA(#2590);
#2110=ORIENTED_EDGE('',*,*,#2591,.T.);
#2111=ORIENTED_EDGE('',*,*,#2592,.F.);
#2112=ORIENTED_EDGE('',*,*,#2593,.F.);
#2113=ORIENTED_EDGE('',*,*,#2588,.T.);
#2114=ORIENTED_EDGE('',*,*,#2198,.T.);
#2115=ORIENTED_EDGE('',*,*,#2575,.T.);
#2116=ORIENTED_EDGE('',*,*,#2193,.T.);
#2117=ORIENTED_EDGE('',*,*,#2579,.T.);
#2118=CARTESIAN_POINT('',(4.15,10.1,0.0));
#2119=DIRECTION('',(-3.49950599780297E-16,1.0,0.0));
#2120=DIRECTION('',(1.0,3.49950599780297E-16,-0.0));
#2121=SURFACE_STYLE_FILL_AREA(#2594);
#2122=ORIENTED_EDGE('',*,*,#2595,.T.);
#2123=ORIENTED_EDGE('',*,*,#2596,.F.);
#2124=ORIENTED_EDGE('',*,*,#2597,.T.);
#2125=ORIENTED_EDGE('',*,*,#2592,.T.);
#2126=CARTESIAN_POINT('',(7.24400542570542,8.025,0.0));
#2127=DIRECTION('',(0.965925826289068,0.258819045102521,0.0));
#2128=DIRECTION('',(0.0,-0.0,-1.0));
#2129=SURFACE_STYLE_FILL_AREA(#2598);
#2130=ORIENTED_EDGE('',*,*,#2599,.T.);
#2131=ORIENTED_EDGE('',*,*,#2600,.F.);
#2132=ORIENTED_EDGE('',*,*,#2601,.T.);
#2133=ORIENTED_EDGE('',*,*,#2596,.T.);
#2134=CARTESIAN_POINT('',(8.05,5.95,0.0));
#2135=DIRECTION('',(0.0,1.0,0.0));
#2136=DIRECTION('',(1.0,-0.0,0.0));
#2137=SURFACE_STYLE_FILL_AREA(#2602);
#2138=ORIENTED_EDGE('',*,*,#2603,.T.);
#2139=ORIENTED_EDGE('',*,*,#2604,.F.);
#2140=ORIENTED_EDGE('',*,*,#2605,.T.);
#2141=ORIENTED_EDGE('',*,*,#2600,.T.);
#2142=ORIENTED_EDGE('',*,*,#2540,.T.);
#2143=ORIENTED_EDGE('',*,*,#2552,.T.);
#2144=ORIENTED_EDGE('',*,*,#2546,.T.);
#2145=ORIENTED_EDGE('',*,*,#2554,.T.);
#2146=ORIENTED_EDGE('',*,*,#2558,.T.);
#2147=ORIENTED_EDGE('',*,*,#2570,.T.);
#2148=ORIENTED_EDGE('',*,*,#2564,.T.);
#2149=ORIENTED_EDGE('',*,*,#2572,.T.);
#2150=CARTESIAN_POINT('',(8.3,2.975,0.0));
#2151=DIRECTION('',(1.0,0.0,0.0));
#2152=DIRECTION('',(0.0,1.0,0.0));
#2153=SURFACE_STYLE_FILL_AREA(#2606);
#2154=ORIENTED_EDGE('',*,*,#2607,.T.);
#2155=ORIENTED_EDGE('',*,*,#2585,.F.);
#2156=ORIENTED_EDGE('',*,*,#2608,.T.);
#2157=ORIENTED_EDGE('',*,*,#2604,.T.);
#2158=ORIENTED_EDGE('',*,*,#2521,.T.);
#2159=ORIENTED_EDGE('',*,*,#2524,.T.);
#2160=ORIENTED_EDGE('',*,*,#2514,.T.);
#2161=ORIENTED_EDGE('',*,*,#2518,.T.);
#2162=ORIENTED_EDGE('',*,*,#2533,.T.);
#2163=ORIENTED_EDGE('',*,*,#2536,.T.);
#2164=ORIENTED_EDGE('',*,*,#2526,.T.);
#2165=ORIENTED_EDGE('',*,*,#2530,.T.);
#2166=CARTESIAN_POINT('',(4.15,0.0,0.0));
#2167=DIRECTION('',(0.0,-1.0,0.0));
#2168=DIRECTION('',(0.0,0.0,-1.0));
#2169=SURFACE_STYLE_FILL_AREA(#2609);
#2170=ORIENTED_EDGE('',*,*,#2582,.F.);
#2171=ORIENTED_EDGE('',*,*,#2607,.F.);
#2172=ORIENTED_EDGE('',*,*,#2603,.F.);
#2173=ORIENTED_EDGE('',*,*,#2599,.F.);
#2174=ORIENTED_EDGE('',*,*,#2595,.F.);
#2175=ORIENTED_EDGE('',*,*,#2591,.F.);
#2176=ORIENTED_EDGE('',*,*,#2587,.F.);
#2177=CARTESIAN_POINT('',(4.21272125873922,4.61548968393161,10.16));
#2178=DIRECTION('',(0.0,0.0,1.0));
#2179=DIRECTION('',(1.0,0.0,0.0));
#2180=SURFACE_STYLE_FILL_AREA(#2610);
#2181=ORIENTED_EDGE('',*,*,#2608,.F.);
#2182=ORIENTED_EDGE('',*,*,#2584,.T.);
#2183=ORIENTED_EDGE('',*,*,#2589,.T.);
#2184=ORIENTED_EDGE('',*,*,#2593,.T.);
#2185=ORIENTED_EDGE('',*,*,#2597,.F.);
#2186=ORIENTED_EDGE('',*,*,#2601,.F.);
#2187=ORIENTED_EDGE('',*,*,#2605,.F.);
#2188=CARTESIAN_POINT('',(4.21272125873922,4.61548968393161,0.0));
#2189=DIRECTION('',(0.0,0.0,1.0));
#2190=DIRECTION('',(1.0,0.0,0.0));
#2191=FILL_AREA_STYLE('',(#2611));
#2192=EDGE_CURVE('',#2612,#2613,#2614,.T.);
#2193=EDGE_CURVE('',#2615,#2612,#2616,.T.);
#2194=EDGE_CURVE('',#2617,#2615,#2618,.T.);
#2195=EDGE_CURVE('',#2617,#2613,#2619,.T.);
#2196=FILL_AREA_STYLE('',(#2620));
#2197=EDGE_CURVE('',#2621,#2622,#2623,.T.);
#2198=EDGE_CURVE('',#2624,#2621,#2625,.T.);
#2199=EDGE_CURVE('',#2626,#2624,#2627,.T.);
#2200=EDGE_CURVE('',#2626,#2622,#2628,.T.);
#2201=FILL_AREA_STYLE('',(#2629));
#2202=EDGE_CURVE('',#2630,#2631,#2632,.T.);
#2203=EDGE_CURVE('',#2633,#2630,#2634,.T.);
#2204=EDGE_CURVE('',#2635,#2633,#2636,.T.);
#2205=EDGE_CURVE('',#2635,#2637,#2638,.T.);
#2206=EDGE_CURVE('',#2637,#2639,#2640,.T.);
#2207=EDGE_CURVE('',#2641,#2639,#2642,.T.);
#2208=EDGE_CURVE('',#2641,#2643,#2644,.T.);
#2209=EDGE_CURVE('',#2643,#2631,#2645,.T.);
#2210=FILL_AREA_STYLE('',(#2646));
#2211=EDGE_CURVE('',#2647,#2648,#2649,.T.);
#2212=EDGE_CURVE('',#2650,#2647,#2651,.T.);
#2213=EDGE_CURVE('',#2652,#2650,#2653,.T.);
#2214=EDGE_CURVE('',#2652,#2654,#2655,.T.);
#2215=EDGE_CURVE('',#2654,#2656,#2657,.T.);
#2216=EDGE_CURVE('',#2658,#2656,#2659,.T.);
#2217=EDGE_CURVE('',#2658,#2660,#2661,.T.);
#2218=EDGE_CURVE('',#2660,#2648,#2662,.T.);
#2219=FILL_AREA_STYLE('',(#2663));
#2220=EDGE_CURVE('',#2664,#2665,#2666,.T.);
#2221=EDGE_CURVE('',#2667,#2664,#2668,.T.);
#2222=EDGE_CURVE('',#2669,#2667,#2670,.T.);
#2223=EDGE_CURVE('',#2671,#2669,#2672,.T.);
#2224=EDGE_CURVE('',#2673,#2671,#2674,.T.);
#2225=EDGE_CURVE('',#2665,#2673,#2675,.T.);
#2226=FILL_AREA_STYLE('',(#2676));
#2227=EDGE_CURVE('',#2677,#2667,#2678,.T.);
#2228=EDGE_CURVE('',#2679,#2677,#2680,.T.);
#2229=EDGE_CURVE('',#2679,#2669,#2681,.T.);
#2230=FILL_AREA_STYLE('',(#2682));
#2231=EDGE_CURVE('',#2683,#2684,#2685,.T.);
#2232=EDGE_CURVE('',#2686,#2683,#2687,.T.);
#2233=EDGE_CURVE('',#2684,#2686,#2688,.T.);
#2234=FILL_AREA_STYLE('',(#2689));
#2235=EDGE_CURVE('',#2690,#2683,#2691,.T.);
#2236=EDGE_CURVE('',#2690,#2692,#2693,.T.);
#2237=EDGE_CURVE('',#2686,#2692,#2694,.T.);
#2238=FILL_AREA_STYLE('',(#2695));
#2239=EDGE_CURVE('',#2696,#2697,#2698,.T.);
#2240=EDGE_CURVE('',#2696,#2699,#2700,.T.);
#2241=EDGE_CURVE('',#2701,#2699,#2702,.T.);
#2242=EDGE_CURVE('',#2701,#2697,#2703,.T.);
#2243=FILL_AREA_STYLE('',(#2704));
#2244=EDGE_CURVE('',#2705,#2706,#2707,.T.);
#2245=EDGE_CURVE('',#2708,#2705,#2709,.T.);
#2246=EDGE_CURVE('',#2710,#2708,#2711,.T.);
#2247=EDGE_CURVE('',#2710,#2706,#2712,.T.);
#2248=FILL_AREA_STYLE('',(#2713));
#2249=EDGE_CURVE('',#2714,#2690,#2715,.T.);
#2250=EDGE_CURVE('',#2716,#2714,#2717,.T.);
#2251=EDGE_CURVE('',#2718,#2716,#2719,.T.);
#2252=EDGE_CURVE('',#2692,#2718,#2720,.T.);
#2253=FILL_AREA_STYLE('',(#2721));
#2254=EDGE_CURVE('',#2722,#2723,#2724,.T.);
#2255=EDGE_CURVE('',#2725,#2722,#2726,.T.);
#2256=EDGE_CURVE('',#2727,#2725,#2728,.T.);
#2257=EDGE_CURVE('',#2729,#2727,#2730,.T.);
#2258=EDGE_CURVE('',#2731,#2729,#2732,.T.);
#2259=EDGE_CURVE('',#2723,#2731,#2733,.T.);
#2260=FILL_AREA_STYLE('',(#2734));
#2261=EDGE_CURVE('',#2731,#2735,#2736,.T.);
#2262=EDGE_CURVE('',#2737,#2729,#2738,.T.);
#2263=EDGE_CURVE('',#2737,#2735,#2739,.T.);
#2264=FILL_AREA_STYLE('',(#2740));
#2265=EDGE_CURVE('',#2741,#2727,#2742,.T.);
#2266=EDGE_CURVE('',#2741,#2737,#2743,.T.);
#2267=FILL_AREA_STYLE('',(#2744));
#2268=EDGE_CURVE('',#2745,#2725,#2746,.T.);
#2269=EDGE_CURVE('',#2741,#2745,#2747,.T.);
#2270=FILL_AREA_STYLE('',(#2748));
#2271=EDGE_CURVE('',#2749,#2671,#2750,.T.);
#2272=EDGE_CURVE('',#2751,#2749,#2752,.T.);
#2273=EDGE_CURVE('',#2673,#2751,#2753,.T.);
#2274=FILL_AREA_STYLE('',(#2754));
#2275=EDGE_CURVE('',#2749,#2679,#2755,.T.);
#2276=FILL_AREA_STYLE('',(#2756));
#2277=EDGE_CURVE('',#2735,#2757,#2758,.T.);
#2278=EDGE_CURVE('',#2745,#2751,#2759,.T.);
#2279=EDGE_CURVE('',#2760,#2677,#2761,.T.);
#2280=EDGE_CURVE('',#2762,#2760,#2763,.T.);
#2281=EDGE_CURVE('',#2764,#2762,#2765,.T.);
#2282=EDGE_CURVE('',#2757,#2764,#2766,.T.);
#2283=FILL_AREA_STYLE('',(#2767));
#2284=EDGE_CURVE('',#2706,#2722,#2768,.T.);
#2285=EDGE_CURVE('',#2665,#2710,#2769,.T.);
#2286=FILL_AREA_STYLE('',(#2770));
#2287=EDGE_CURVE('',#2771,#2696,#2772,.T.);
#2288=EDGE_CURVE('',#2699,#2771,#2773,.T.);
#2289=FILL_AREA_STYLE('',(#2774));
#2290=EDGE_CURVE('',#2775,#2776,#2777,.T.);
#2291=EDGE_CURVE('',#2778,#2775,#2779,.T.);
#2292=EDGE_CURVE('',#2780,#2778,#2781,.T.);
#2293=EDGE_CURVE('',#2780,#2782,#2783,.T.);
#2294=EDGE_CURVE('',#2782,#2701,#2784,.T.);
#2295=EDGE_CURVE('',#2692,#2701,#2785,.T.);
#2296=EDGE_CURVE('',#2718,#2776,#2786,.T.);
#2297=FILL_AREA_STYLE('',(#2787));
#2298=EDGE_CURVE('',#2714,#2788,#2789,.T.);
#2299=EDGE_CURVE('',#2788,#2790,#2791,.T.);
#2300=EDGE_CURVE('',#2716,#2790,#2792,.T.);
#2301=FILL_AREA_STYLE('',(#2793));
#2302=EDGE_CURVE('',#2697,#2788,#2794,.T.);
#2303=EDGE_CURVE('',#2790,#2782,#2795,.T.);
#2304=FILL_AREA_STYLE('',(#2796));
#2305=EDGE_CURVE('',#2771,#2684,#2797,.T.);
#2306=FILL_AREA_STYLE('',(#2798));
#2307=EDGE_CURVE('',#2799,#2776,#2800,.T.);
#2308=EDGE_CURVE('',#2780,#2801,#2802,.T.);
#2309=EDGE_CURVE('',#2801,#2803,#2804,.T.);
#2310=EDGE_CURVE('',#2805,#2803,#2806,.T.);
#2311=EDGE_CURVE('',#2805,#2799,#2807,.T.);
#2312=FILL_AREA_STYLE('',(#2808));
#2313=EDGE_CURVE('',#2809,#2778,#2810,.T.);
#2314=EDGE_CURVE('',#2809,#2801,#2811,.T.);
#2315=FILL_AREA_STYLE('',(#2812));
#2316=EDGE_CURVE('',#2813,#2814,#2815,.T.);
#2317=EDGE_CURVE('',#2816,#2814,#2817,.T.);
#2318=EDGE_CURVE('',#2816,#2813,#2818,.T.);
#2319=FILL_AREA_STYLE('',(#2819));
#2320=EDGE_CURVE('',#2803,#2813,#2820,.T.);
#2321=EDGE_CURVE('',#2813,#2805,#2821,.T.);
#2322=FILL_AREA_STYLE('',(#2822));
#2323=EDGE_CURVE('',#2775,#2823,#2824,.T.);
#2324=EDGE_CURVE('',#2823,#2816,#2825,.T.);
#2325=EDGE_CURVE('',#2814,#2809,#2826,.T.);
#2326=FILL_AREA_STYLE('',(#2827));
#2327=EDGE_CURVE('',#2823,#2799,#2828,.T.);
#2328=FILL_AREA_STYLE('',(#2829));
#2329=FILL_AREA_STYLE('',(#2830));
#2330=FILL_AREA_STYLE('',(#2831));
#2331=EDGE_CURVE('',#2832,#2764,#2833,.T.);
#2332=EDGE_CURVE('',#2834,#2832,#2835,.T.);
#2333=EDGE_CURVE('',#2836,#2834,#2837,.T.);
#2334=EDGE_CURVE('',#2757,#2836,#2838,.T.);
#2335=FILL_AREA_STYLE('',(#2839));
#2336=EDGE_CURVE('',#2705,#2723,#2840,.T.);
#2337=FILL_AREA_STYLE('',(#2841));
#2338=EDGE_CURVE('',#2762,#2842,#2843,.T.);
#2339=EDGE_CURVE('',#2842,#2832,#2844,.T.);
#2340=FILL_AREA_STYLE('',(#2845));
#2341=EDGE_CURVE('',#2846,#2760,#2847,.T.);
#2342=EDGE_CURVE('',#2846,#2848,#2849,.T.);
#2343=EDGE_CURVE('',#2842,#2848,#2850,.T.);
#2344=FILL_AREA_STYLE('',(#2851));
#2345=EDGE_CURVE('',#2684,#2852,#2853,.T.);
#2346=EDGE_CURVE('',#2852,#2854,#2855,.T.);
#2347=EDGE_CURVE('',#2856,#2854,#2857,.T.);
#2348=EDGE_CURVE('',#2856,#2858,#2859,.T.);
#2349=EDGE_CURVE('',#2858,#2771,#2860,.T.);
#2350=FILL_AREA_STYLE('',(#2861));
#2351=EDGE_CURVE('',#2862,#2863,#2864,.T.);
#2352=EDGE_CURVE('',#2865,#2862,#2866,.T.);
#2353=EDGE_CURVE('',#2867,#2865,#2868,.T.);
#2354=EDGE_CURVE('',#2869,#2867,#2870,.T.);
#2355=EDGE_CURVE('',#2871,#2869,#2872,.T.);
#2356=EDGE_CURVE('',#2863,#2871,#2873,.T.);
#2357=FILL_AREA_STYLE('',(#2874));
#2358=EDGE_CURVE('',#2875,#2865,#2876,.T.);
#2359=EDGE_CURVE('',#2877,#2875,#2878,.T.);
#2360=EDGE_CURVE('',#2877,#2867,#2879,.T.);
#2361=FILL_AREA_STYLE('',(#2880));
#2362=EDGE_CURVE('',#2881,#2882,#2883,.T.);
#2363=EDGE_CURVE('',#2884,#2881,#2885,.T.);
#2364=EDGE_CURVE('',#2882,#2884,#2886,.T.);
#2365=FILL_AREA_STYLE('',(#2887));
#2366=EDGE_CURVE('',#2888,#2881,#2889,.T.);
#2367=EDGE_CURVE('',#2888,#2890,#2891,.T.);
#2368=EDGE_CURVE('',#2884,#2890,#2892,.T.);
#2369=FILL_AREA_STYLE('',(#2893));
#2370=EDGE_CURVE('',#2894,#2895,#2896,.T.);
#2371=EDGE_CURVE('',#2894,#2897,#2898,.T.);
#2372=EDGE_CURVE('',#2899,#2897,#2900,.T.);
#2373=EDGE_CURVE('',#2899,#2895,#2901,.T.);
#2374=FILL_AREA_STYLE('',(#2902));
#2375=EDGE_CURVE('',#2903,#2904,#2905,.T.);
#2376=EDGE_CURVE('',#2906,#2903,#2907,.T.);
#2377=EDGE_CURVE('',#2908,#2906,#2909,.T.);
#2378=EDGE_CURVE('',#2908,#2904,#2910,.T.);
#2379=FILL_AREA_STYLE('',(#2911));
#2380=EDGE_CURVE('',#2912,#2888,#2913,.T.);
#2381=EDGE_CURVE('',#2914,#2912,#2915,.T.);
#2382=EDGE_CURVE('',#2916,#2914,#2917,.T.);
#2383=EDGE_CURVE('',#2890,#2916,#2918,.T.);
#2384=FILL_AREA_STYLE('',(#2919));
#2385=EDGE_CURVE('',#2920,#2921,#2922,.T.);
#2386=EDGE_CURVE('',#2923,#2920,#2924,.T.);
#2387=EDGE_CURVE('',#2925,#2923,#2926,.T.);
#2388=EDGE_CURVE('',#2927,#2925,#2928,.T.);
#2389=EDGE_CURVE('',#2929,#2927,#2930,.T.);
#2390=EDGE_CURVE('',#2921,#2929,#2931,.T.);
#2391=FILL_AREA_STYLE('',(#2932));
#2392=EDGE_CURVE('',#2929,#2933,#2934,.T.);
#2393=EDGE_CURVE('',#2935,#2927,#2936,.T.);
#2394=EDGE_CURVE('',#2935,#2933,#2937,.T.);
#2395=FILL_AREA_STYLE('',(#2938));
#2396=EDGE_CURVE('',#2939,#2925,#2940,.T.);
#2397=EDGE_CURVE('',#2939,#2935,#2941,.T.);
#2398=FILL_AREA_STYLE('',(#2942));
#2399=EDGE_CURVE('',#2943,#2923,#2944,.T.);
#2400=EDGE_CURVE('',#2939,#2943,#2945,.T.);
#2401=FILL_AREA_STYLE('',(#2946));
#2402=EDGE_CURVE('',#2947,#2869,#2948,.T.);
#2403=EDGE_CURVE('',#2949,#2947,#2950,.T.);
#2404=EDGE_CURVE('',#2871,#2949,#2951,.T.);
#2405=FILL_AREA_STYLE('',(#2952));
#2406=EDGE_CURVE('',#2947,#2877,#2953,.T.);
#2407=FILL_AREA_STYLE('',(#2954));
#2408=EDGE_CURVE('',#2933,#2955,#2956,.T.);
#2409=EDGE_CURVE('',#2943,#2949,#2957,.T.);
#2410=EDGE_CURVE('',#2958,#2875,#2959,.T.);
#2411=EDGE_CURVE('',#2960,#2958,#2961,.T.);
#2412=EDGE_CURVE('',#2962,#2960,#2963,.T.);
#2413=EDGE_CURVE('',#2955,#2962,#2964,.T.);
#2414=FILL_AREA_STYLE('',(#2965));
#2415=EDGE_CURVE('',#2904,#2920,#2966,.T.);
#2416=EDGE_CURVE('',#2863,#2908,#2967,.T.);
#2417=FILL_AREA_STYLE('',(#2968));
#2418=EDGE_CURVE('',#2969,#2894,#2970,.T.);
#2419=EDGE_CURVE('',#2897,#2969,#2971,.T.);
#2420=FILL_AREA_STYLE('',(#2972));
#2421=EDGE_CURVE('',#2973,#2974,#2975,.T.);
#2422=EDGE_CURVE('',#2976,#2973,#2977,.T.);
#2423=EDGE_CURVE('',#2978,#2976,#2979,.T.);
#2424=EDGE_CURVE('',#2978,#2980,#2981,.T.);
#2425=EDGE_CURVE('',#2980,#2899,#2982,.T.);
#2426=EDGE_CURVE('',#2890,#2899,#2983,.T.);
#2427=EDGE_CURVE('',#2916,#2974,#2984,.T.);
#2428=FILL_AREA_STYLE('',(#2985));
#2429=EDGE_CURVE('',#2912,#2986,#2987,.T.);
#2430=EDGE_CURVE('',#2986,#2988,#2989,.T.);
#2431=EDGE_CURVE('',#2914,#2988,#2990,.T.);
#2432=FILL_AREA_STYLE('',(#2991));
#2433=EDGE_CURVE('',#2895,#2986,#2992,.T.);
#2434=EDGE_CURVE('',#2988,#2980,#2993,.T.);
#2435=FILL_AREA_STYLE('',(#2994));
#2436=EDGE_CURVE('',#2969,#2882,#2995,.T.);
#2437=FILL_AREA_STYLE('',(#2996));
#2438=EDGE_CURVE('',#2997,#2974,#2998,.T.);
#2439=EDGE_CURVE('',#2978,#2999,#3000,.T.);
#2440=EDGE_CURVE('',#2999,#3001,#3002,.T.);
#2441=EDGE_CURVE('',#3003,#3001,#3004,.T.);
#2442=EDGE_CURVE('',#3003,#2997,#3005,.T.);
#2443=FILL_AREA_STYLE('',(#3006));
#2444=EDGE_CURVE('',#3007,#2976,#3008,.T.);
#2445=EDGE_CURVE('',#3007,#2999,#3009,.T.);
#2446=FILL_AREA_STYLE('',(#3010));
#2447=EDGE_CURVE('',#3011,#3012,#3013,.T.);
#2448=EDGE_CURVE('',#3014,#3012,#3015,.T.);
#2449=EDGE_CURVE('',#3014,#3011,#3016,.T.);
#2450=FILL_AREA_STYLE('',(#3017));
#2451=EDGE_CURVE('',#3001,#3011,#3018,.T.);
#2452=EDGE_CURVE('',#3011,#3003,#3019,.T.);
#2453=FILL_AREA_STYLE('',(#3020));
#2454=EDGE_CURVE('',#2973,#3021,#3022,.T.);
#2455=EDGE_CURVE('',#3021,#3014,#3023,.T.);
#2456=EDGE_CURVE('',#3012,#3007,#3024,.T.);
#2457=FILL_AREA_STYLE('',(#3025));
#2458=EDGE_CURVE('',#3021,#2997,#3026,.T.);
#2459=FILL_AREA_STYLE('',(#3027));
#2460=FILL_AREA_STYLE('',(#3028));
#2461=FILL_AREA_STYLE('',(#3029));
#2462=EDGE_CURVE('',#3030,#2962,#3031,.T.);
#2463=EDGE_CURVE('',#3032,#3030,#3033,.T.);
#2464=EDGE_CURVE('',#3034,#3032,#3035,.T.);
#2465=EDGE_CURVE('',#2955,#3034,#3036,.T.);
#2466=FILL_AREA_STYLE('',(#3037));
#2467=EDGE_CURVE('',#2903,#2921,#3038,.T.);
#2468=FILL_AREA_STYLE('',(#3039));
#2469=EDGE_CURVE('',#2960,#3040,#3041,.T.);
#2470=EDGE_CURVE('',#3040,#3030,#3042,.T.);
#2471=FILL_AREA_STYLE('',(#3043));
#2472=EDGE_CURVE('',#3044,#2958,#3045,.T.);
#2473=EDGE_CURVE('',#3044,#3046,#3047,.T.);
#2474=EDGE_CURVE('',#3040,#3046,#3048,.T.);
#2475=FILL_AREA_STYLE('',(#3049));
#2476=EDGE_CURVE('',#2882,#3050,#3051,.T.);
#2477=EDGE_CURVE('',#3050,#3052,#3053,.T.);
#2478=EDGE_CURVE('',#3054,#3052,#3055,.T.);
#2479=EDGE_CURVE('',#3054,#3056,#3057,.T.);
#2480=EDGE_CURVE('',#3056,#2969,#3058,.T.);
#2481=FILL_AREA_STYLE('',(#3059));
#2482=EDGE_CURVE('',#2648,#3060,#3061,.T.);
#2483=EDGE_CURVE('',#3060,#3062,#3063,.T.);
#2484=EDGE_CURVE('',#3064,#3062,#3065,.T.);
#2485=EDGE_CURVE('',#3064,#3066,#3067,.T.);
#2486=EDGE_CURVE('',#3066,#2652,#3068,.T.);
#2487=EDGE_CURVE('',#2647,#2650,#3069,.T.);
#2488=FILL_AREA_STYLE('',(#3070));
#2489=EDGE_CURVE('',#2660,#2654,#3071,.T.);
#2490=EDGE_CURVE('',#2656,#2658,#3072,.T.);
#2491=FILL_AREA_STYLE('',(#3073));
#2492=EDGE_CURVE('',#3066,#3060,#3074,.T.);
#2493=FILL_AREA_STYLE('',(#3075));
#2494=EDGE_CURVE('',#3062,#3064,#3076,.T.);
#2495=FILL_AREA_STYLE('',(#3077));
#2496=FILL_AREA_STYLE('',(#3078));
#2497=FILL_AREA_STYLE('',(#3079));
#2498=EDGE_CURVE('',#2631,#3080,#3081,.T.);
#2499=EDGE_CURVE('',#3080,#3082,#3083,.T.);
#2500=EDGE_CURVE('',#3084,#3082,#3085,.T.);
#2501=EDGE_CURVE('',#3084,#3086,#3087,.T.);
#2502=EDGE_CURVE('',#3086,#2635,#3088,.T.);
#2503=EDGE_CURVE('',#2630,#2633,#3089,.T.);
#2504=FILL_AREA_STYLE('',(#3090));
#2505=EDGE_CURVE('',#2643,#2637,#3091,.T.);
#2506=EDGE_CURVE('',#2639,#2641,#3092,.T.);
#2507=FILL_AREA_STYLE('',(#3093));
#2508=EDGE_CURVE('',#3086,#3080,#3094,.T.);
#2509=FILL_AREA_STYLE('',(#3095));
#2510=EDGE_CURVE('',#3082,#3084,#3096,.T.);
#2511=FILL_AREA_STYLE('',(#3097));
#2512=FILL_AREA_STYLE('',(#3098));
#2513=FILL_AREA_STYLE('',(#3099));
#2514=EDGE_CURVE('',#3100,#3101,#3102,.T.);
#2515=EDGE_CURVE('',#2858,#3100,#3103,.T.);
#2516=EDGE_CURVE('',#3101,#2856,#3104,.T.);
#2517=FILL_AREA_STYLE('',(#3105));
#2518=EDGE_CURVE('',#3101,#3106,#3107,.T.);
#2519=EDGE_CURVE('',#2854,#3106,#3108,.T.);
#2520=FILL_AREA_STYLE('',(#3109));
#2521=EDGE_CURVE('',#3106,#3110,#3111,.T.);
#2522=EDGE_CURVE('',#3110,#2852,#3112,.T.);
#2523=FILL_AREA_STYLE('',(#3113));
#2524=EDGE_CURVE('',#3110,#3100,#3114,.T.);
#2525=FILL_AREA_STYLE('',(#3115));
#2526=EDGE_CURVE('',#3116,#3117,#3118,.T.);
#2527=EDGE_CURVE('',#3056,#3116,#3119,.T.);
#2528=EDGE_CURVE('',#3117,#3054,#3120,.T.);
#2529=FILL_AREA_STYLE('',(#3121));
#2530=EDGE_CURVE('',#3117,#3122,#3123,.T.);
#2531=EDGE_CURVE('',#3052,#3122,#3124,.T.);
#2532=FILL_AREA_STYLE('',(#3125));
#2533=EDGE_CURVE('',#3122,#3126,#3127,.T.);
#2534=EDGE_CURVE('',#3126,#3050,#3128,.T.);
#2535=FILL_AREA_STYLE('',(#3129));
#2536=EDGE_CURVE('',#3126,#3116,#3130,.T.);
#2537=FILL_AREA_STYLE('',(#3131));
#2538=EDGE_CURVE('',#2836,#3132,#3133,.T.);
#2539=EDGE_CURVE('',#3134,#2834,#3135,.T.);
#2540=EDGE_CURVE('',#3132,#3134,#3136,.T.);
#2541=FILL_AREA_STYLE('',(#3137));
#2542=EDGE_CURVE('',#2664,#2708,#3138,.T.);
#2543=FILL_AREA_STYLE('',(#3139));
#2544=EDGE_CURVE('',#2848,#3140,#3141,.T.);
#2545=EDGE_CURVE('',#3142,#2846,#3143,.T.);
#2546=EDGE_CURVE('',#3140,#3142,#3144,.T.);
#2547=FILL_AREA_STYLE('',(#3145));
#2548=EDGE_CURVE('',#2846,#2836,#3146,.T.);
#2549=FILL_AREA_STYLE('',(#3147));
#2550=EDGE_CURVE('',#2848,#2834,#3148,.T.);
#2551=FILL_AREA_STYLE('',(#3149));
#2552=EDGE_CURVE('',#3134,#3140,#3150,.T.);
#2553=FILL_AREA_STYLE('',(#3151));
#2554=EDGE_CURVE('',#3142,#3132,#3152,.T.);
#2555=FILL_AREA_STYLE('',(#3153));
#2556=EDGE_CURVE('',#3034,#3154,#3155,.T.);
#2557=EDGE_CURVE('',#3156,#3032,#3157,.T.);
#2558=EDGE_CURVE('',#3154,#3156,#3158,.T.);
#2559=FILL_AREA_STYLE('',(#3159));
#2560=EDGE_CURVE('',#2862,#2906,#3160,.T.);
#2561=FILL_AREA_STYLE('',(#3161));
#2562=EDGE_CURVE('',#3046,#3162,#3163,.T.);
#2563=EDGE_CURVE('',#3164,#3044,#3165,.T.);
#2564=EDGE_CURVE('',#3162,#3164,#3166,.T.);
#2565=FILL_AREA_STYLE('',(#3167));
#2566=EDGE_CURVE('',#3044,#3034,#3168,.T.);
#2567=FILL_AREA_STYLE('',(#3169));
#2568=EDGE_CURVE('',#3046,#3032,#3170,.T.);
#2569=FILL_AREA_STYLE('',(#3171));
#2570=EDGE_CURVE('',#3156,#3162,#3172,.T.);
#2571=FILL_AREA_STYLE('',(#3173));
#2572=EDGE_CURVE('',#3164,#3154,#3174,.T.);
#2573=FILL_AREA_STYLE('',(#3175));
#2574=EDGE_CURVE('',#2622,#2626,#3176,.T.);
#2575=EDGE_CURVE('',#2621,#2624,#3177,.T.);
#2576=FILL_AREA_STYLE('',(#3178));
#2577=FILL_AREA_STYLE('',(#3179));
#2578=EDGE_CURVE('',#2613,#2617,#3180,.T.);
#2579=EDGE_CURVE('',#2612,#2615,#3181,.T.);
#2580=FILL_AREA_STYLE('',(#3182));
#2581=FILL_AREA_STYLE('',(#3183));
#2582=EDGE_CURVE('',#3184,#3185,#3186,.T.);
#2583=EDGE_CURVE('',#3187,#3185,#3188,.T.);
#2584=EDGE_CURVE('',#3189,#3187,#3190,.T.);
#2585=EDGE_CURVE('',#3189,#3184,#3191,.T.);
#2586=FILL_AREA_STYLE('',(#3192));
#2587=EDGE_CURVE('',#3185,#3193,#3194,.T.);
#2588=EDGE_CURVE('',#3195,#3193,#3196,.T.);
#2589=EDGE_CURVE('',#3187,#3195,#3197,.T.);
#2590=FILL_AREA_STYLE('',(#3198));
#2591=EDGE_CURVE('',#3193,#3199,#3200,.T.);
#2592=EDGE_CURVE('',#3201,#3199,#3202,.T.);
#2593=EDGE_CURVE('',#3195,#3201,#3203,.T.);
#2594=FILL_AREA_STYLE('',(#3204));
#2595=EDGE_CURVE('',#3199,#3205,#3206,.T.);
#2596=EDGE_CURVE('',#3207,#3205,#3208,.T.);
#2597=EDGE_CURVE('',#3207,#3201,#3209,.T.);
#2598=FILL_AREA_STYLE('',(#3210));
#2599=EDGE_CURVE('',#3205,#3211,#3212,.T.);
#2600=EDGE_CURVE('',#3213,#3211,#3214,.T.);
#2601=EDGE_CURVE('',#3213,#3207,#3215,.T.);
#2602=FILL_AREA_STYLE('',(#3216));
#2603=EDGE_CURVE('',#3211,#3217,#3218,.T.);
#2604=EDGE_CURVE('',#3219,#3217,#3220,.T.);
#2605=EDGE_CURVE('',#3219,#3213,#3221,.T.);
#2606=FILL_AREA_STYLE('',(#3222));
#2607=EDGE_CURVE('',#3217,#3184,#3223,.T.);
#2608=EDGE_CURVE('',#3189,#3219,#3224,.T.);
#2609=FILL_AREA_STYLE('',(#3225));
#2610=FILL_AREA_STYLE('',(#3226));
#2611=FILL_AREA_STYLE_COLOUR('',#3227);
#2612=VERTEX_POINT('',#3228);
#2613=VERTEX_POINT('',#3229);
#2614=LINE('',#3230,#3231);
#2615=VERTEX_POINT('',#3232);
#2616=CIRCLE('',#3233,2.1);
#2617=VERTEX_POINT('',#3234);
#2618=LINE('',#3235,#3236);
#2619=CIRCLE('',#3237,2.1);
#2620=FILL_AREA_STYLE_COLOUR('',#3238);
#2621=VERTEX_POINT('',#3239);
#2622=VERTEX_POINT('',#3240);
#2623=LINE('',#3241,#3242);
#2624=VERTEX_POINT('',#3243);
#2625=CIRCLE('',#3244,2.1);
#2626=VERTEX_POINT('',#3245);
#2627=LINE('',#3246,#3247);
#2628=CIRCLE('',#3248,2.1);
#2629=FILL_AREA_STYLE_COLOUR('',#3249);
#2630=VERTEX_POINT('',#3250);
#2631=VERTEX_POINT('',#3251);
#2632=LINE('',#3252,#3253);
#2633=VERTEX_POINT('',#3254);
#2634=CIRCLE('',#3255,2.0);
#2635=VERTEX_POINT('',#3256);
#2636=LINE('',#3257,#3258);
#2637=VERTEX_POINT('',#3259);
#2638=CIRCLE('',#3260,2.0);
#2639=VERTEX_POINT('',#3261);
#2640=LINE('',#3262,#3263);
#2641=VERTEX_POINT('',#3264);
#2642=CIRCLE('',#3265,2.0);
#2643=VERTEX_POINT('',#3266);
#2644=LINE('',#3267,#3268);
#2645=CIRCLE('',#3269,2.0);
#2646=FILL_AREA_STYLE_COLOUR('',#3270);
#2647=VERTEX_POINT('',#3271);
#2648=VERTEX_POINT('',#3272);
#2649=LINE('',#3273,#3274);
#2650=VERTEX_POINT('',#3275);
#2651=CIRCLE('',#3276,2.0);
#2652=VERTEX_POINT('',#3277);
#2653=LINE('',#3278,#3279);
#2654=VERTEX_POINT('',#3280);
#2655=CIRCLE('',#3281,2.0);
#2656=VERTEX_POINT('',#3282);
#2657=LINE('',#3283,#3284);
#2658=VERTEX_POINT('',#3285);
#2659=CIRCLE('',#3286,2.0);
#2660=VERTEX_POINT('',#3287);
#2661=LINE('',#3288,#3289);
#2662=CIRCLE('',#3290,2.0);
#2663=FILL_AREA_STYLE_COLOUR('',#3291);
#2664=VERTEX_POINT('',#3292);
#2665=VERTEX_POINT('',#3293);
#2666=LINE('',#3294,#3295);
#2667=VERTEX_POINT('',#3296);
#2668=LINE('',#3297,#3298);
#2669=VERTEX_POINT('',#3299);
#2670=LINE('',#3300,#3301);
#2671=VERTEX_POINT('',#3302);
#2672=LINE('',#3303,#3304);
#2673=VERTEX_POINT('',#3305);
#2674=LINE('',#3306,#3307);
#2675=LINE('',#3308,#3309);
#2676=FILL_AREA_STYLE_COLOUR('',#3310);
#2677=VERTEX_POINT('',#3311);
#2678=LINE('',#3312,#3313);
#2679=VERTEX_POINT('',#3314);
#2680=LINE('',#3315,#3316);
#2681=LINE('',#3317,#3318);
#2682=FILL_AREA_STYLE_COLOUR('',#3319);
#2683=VERTEX_POINT('',#3320);
#2684=VERTEX_POINT('',#3321);
#2685=LINE('',#3322,#3323);
#2686=VERTEX_POINT('',#3324);
#2687=LINE('',#3325,#3326);
#2688=CIRCLE('',#3327,0.5);
#2689=FILL_AREA_STYLE_COLOUR('',#3328);
#2690=VERTEX_POINT('',#3329);
#2691=LINE('',#3330,#3331);
#2692=VERTEX_POINT('',#3332);
#2693=LINE('',#3333,#3334);
#2694=LINE('',#3335,#3336);
#2695=FILL_AREA_STYLE_COLOUR('',#3337);
#2696=VERTEX_POINT('',#3338);
#2697=VERTEX_POINT('',#3339);
#2698=LINE('',#3340,#3341);
#2699=VERTEX_POINT('',#3342);
#2700=LINE('',#3343,#3344);
#2701=VERTEX_POINT('',#3345);
#2702=LINE('',#3346,#3347);
#2703=LINE('',#3348,#3349);
#2704=FILL_AREA_STYLE_COLOUR('',#3350);
#2705=VERTEX_POINT('',#3351);
#2706=VERTEX_POINT('',#3352);
#2707=LINE('',#3353,#3354);
#2708=VERTEX_POINT('',#3355);
#2709=LINE('',#3356,#3357);
#2710=VERTEX_POINT('',#3358);
#2711=LINE('',#3359,#3360);
#2712=LINE('',#3361,#3362);
#2713=FILL_AREA_STYLE_COLOUR('',#3363);
#2714=VERTEX_POINT('',#3364);
#2715=LINE('',#3365,#3366);
#2716=VERTEX_POINT('',#3367);
#2717=CIRCLE('',#3368,0.25);
#2718=VERTEX_POINT('',#3369);
#2719=LINE('',#3370,#3371);
#2720=LINE('',#3372,#3373);
#2721=FILL_AREA_STYLE_COLOUR('',#3374);
#2722=VERTEX_POINT('',#3375);
#2723=VERTEX_POINT('',#3376);
#2724=LINE('',#3377,#3378);
#2725=VERTEX_POINT('',#3379);
#2726=LINE('',#3380,#3381);
#2727=VERTEX_POINT('',#3382);
#2728=LINE('',#3383,#3384);
#2729=VERTEX_POINT('',#3385);
#2730=LINE('',#3386,#3387);
#2731=VERTEX_POINT('',#3388);
#2732=LINE('',#3389,#3390);
#2733=LINE('',#3391,#3392);
#2734=FILL_AREA_STYLE_COLOUR('',#3393);
#2735=VERTEX_POINT('',#3394);
#2736=LINE('',#3395,#3396);
#2737=VERTEX_POINT('',#3397);
#2738=LINE('',#3398,#3399);
#2739=LINE('',#3400,#3401);
#2740=FILL_AREA_STYLE_COLOUR('',#3402);
#2741=VERTEX_POINT('',#3403);
#2742=LINE('',#3404,#3405);
#2743=LINE('',#3406,#3407);
#2744=FILL_AREA_STYLE_COLOUR('',#3408);
#2745=VERTEX_POINT('',#3409);
#2746=LINE('',#3410,#3411);
#2747=LINE('',#3412,#3413);
#2748=FILL_AREA_STYLE_COLOUR('',#3414);
#2749=VERTEX_POINT('',#3415);
#2750=LINE('',#3416,#3417);
#2751=VERTEX_POINT('',#3418);
#2752=LINE('',#3419,#3420);
#2753=LINE('',#3421,#3422);
#2754=FILL_AREA_STYLE_COLOUR('',#3423);
#2755=LINE('',#3424,#3425);
#2756=FILL_AREA_STYLE_COLOUR('',#3426);
#2757=VERTEX_POINT('',#3427);
#2758=LINE('',#3428,#3429);
#2759=LINE('',#3430,#3431);
#2760=VERTEX_POINT('',#3432);
#2761=LINE('',#3433,#3434);
#2762=VERTEX_POINT('',#3435);
#2763=LINE('',#3436,#3437);
#2764=VERTEX_POINT('',#3438);
#2765=LINE('',#3439,#3440);
#2766=LINE('',#3441,#3442);
#2767=FILL_AREA_STYLE_COLOUR('',#3443);
#2768=LINE('',#3444,#3445);
#2769=LINE('',#3446,#3447);
#2770=FILL_AREA_STYLE_COLOUR('',#3448);
#2771=VERTEX_POINT('',#3449);
#2772=LINE('',#3450,#3451);
#2773=CIRCLE('',#3452,0.5);
#2774=FILL_AREA_STYLE_COLOUR('',#3453);
#2775=VERTEX_POINT('',#3454);
#2776=VERTEX_POINT('',#3455);
#2777=LINE('',#3456,#3457);
#2778=VERTEX_POINT('',#3458);
#2779=LINE('',#3459,#3460);
#2780=VERTEX_POINT('',#3461);
#2781=LINE('',#3462,#3463);
#2782=VERTEX_POINT('',#3464);
#2783=LINE('',#3465,#3466);
#2784=LINE('',#3467,#3468);
#2785=LINE('',#3469,#3470);
#2786=LINE('',#3471,#3472);
#2787=FILL_AREA_STYLE_COLOUR('',#3473);
#2788=VERTEX_POINT('',#3474);
#2789=LINE('',#3475,#3476);
#2790=VERTEX_POINT('',#3477);
#2791=CIRCLE('',#3478,0.25);
#2792=LINE('',#3479,#3480);
#2793=FILL_AREA_STYLE_COLOUR('',#3481);
#2794=LINE('',#3482,#3483);
#2795=LINE('',#3484,#3485);
#2796=FILL_AREA_STYLE_COLOUR('',#3486);
#2797=LINE('',#3487,#3488);
#2798=FILL_AREA_STYLE_COLOUR('',#3489);
#2799=VERTEX_POINT('',#3490);
#2800=LINE('',#3491,#3492);
#2801=VERTEX_POINT('',#3493);
#2802=LINE('',#3494,#3495);
#2803=VERTEX_POINT('',#3496);
#2804=CIRCLE('',#3497,0.375);
#2805=VERTEX_POINT('',#3498);
#2806=LINE('',#3499,#3500);
#2807=CIRCLE('',#3501,0.375);
#2808=FILL_AREA_STYLE_COLOUR('',#3502);
#2809=VERTEX_POINT('',#3503);
#2810=LINE('',#3504,#3505);
#2811=LINE('',#3506,#3507);
#2812=FILL_AREA_STYLE_COLOUR('',#3508);
#2813=VERTEX_POINT('',#3509);
#2814=VERTEX_POINT('',#3510);
#2815=B_SPLINE_CURVE_WITH_KNOTS('',3,(#3511,#3512,#3513,#3514,#3515,#3516,#3517,#3518,#3519,#3520,#3521,#3522),.UNSPECIFIED.,.F.,.F.,(4,2,2,2,2,4),(0.0,0.00181545891629503,0.15283495330773,0.303854447699166,0.406773469344522,0.509692490989872),.UNSPECIFIED.);
#2816=VERTEX_POINT('',#3523);
#2817=LINE('',#3524,#3525);
#2818=B_SPLINE_CURVE_WITH_KNOTS('',3,(#3526,#3527,#3528,#3529,#3530,#3531,#3532,#3533,#3534,#3535,#3536,#3537),.UNSPECIFIED.,.F.,.F.,(4,2,2,2,2,4),(1.27270276293774,1.37562178458309,1.47854080622845,1.62956030061989,1.78057979501132,1.78239525392762),.UNSPECIFIED.);
#2819=FILL_AREA_STYLE_COLOUR('',#3538);
#2820=B_SPLINE_CURVE_WITH_KNOTS('',3,(#3539,#3540,#3541,#3542,#3543,#3544,#3545,#3546,#3547,#3548,#3549,#3550),.UNSPECIFIED.,.F.,.F.,(4,2,2,2,2,4),(1.27270276293774,1.37562178458309,1.47854080622845,1.62956030061989,1.78057979501132,1.78239525392762),.UNSPECIFIED.);
#2821=B_SPLINE_CURVE_WITH_KNOTS('',3,(#3551,#3552,#3553,#3554,#3555,#3556,#3557,#3558,#3559,#3560,#3561,#3562),.UNSPECIFIED.,.F.,.F.,(4,2,2,2,2,4),(0.0,0.00181545891629495,0.15283495330773,0.303854447699165,0.406773469344522,0.509692490989872),.UNSPECIFIED.);
#2822=FILL_AREA_STYLE_COLOUR('',#3563);
#2823=VERTEX_POINT('',#3564);
#2824=LINE('',#3565,#3566);
#2825=CIRCLE('',#3567,0.375);
#2826=CIRCLE('',#3568,0.375);
#2827=FILL_AREA_STYLE_COLOUR('',#3569);
#2828=LINE('',#3570,#3571);
#2829=FILL_AREA_STYLE_COLOUR('',#3572);
#2830=FILL_AREA_STYLE_COLOUR('',#3573);
#2831=FILL_AREA_STYLE_COLOUR('',#3574);
#2832=VERTEX_POINT('',#3575);
#2833=LINE('',#3576,#3577);
#2834=VERTEX_POINT('',#3578);
#2835=LINE('',#3579,#3580);
#2836=VERTEX_POINT('',#3581);
#2837=LINE('',#3582,#3583);
#2838=LINE('',#3584,#3585);
#2839=FILL_AREA_STYLE_COLOUR('',#3586);
#2840=LINE('',#3587,#3588);
#2841=FILL_AREA_STYLE_COLOUR('',#3589);
#2842=VERTEX_POINT('',#3590);
#2843=LINE('',#3591,#3592);
#2844=LINE('',#3593,#3594);
#2845=FILL_AREA_STYLE_COLOUR('',#3595);
#2846=VERTEX_POINT('',#3596);
#2847=LINE('',#3597,#3598);
#2848=VERTEX_POINT('',#3599);
#2849=LINE('',#3600,#3601);
#2850=LINE('',#3602,#3603);
#2851=FILL_AREA_STYLE_COLOUR('',#3604);
#2852=VERTEX_POINT('',#3605);
#2853=LINE('',#3606,#3607);
#2854=VERTEX_POINT('',#3608);
#2855=LINE('',#3609,#3610);
#2856=VERTEX_POINT('',#3611);
#2857=LINE('',#3612,#3613);
#2858=VERTEX_POINT('',#3614);
#2859=LINE('',#3615,#3616);
#2860=LINE('',#3617,#3618);
#2861=FILL_AREA_STYLE_COLOUR('',#3619);
#2862=VERTEX_POINT('',#3620);
#2863=VERTEX_POINT('',#3621);
#2864=LINE('',#3622,#3623);
#2865=VERTEX_POINT('',#3624);
#2866=LINE('',#3625,#3626);
#2867=VERTEX_POINT('',#3627);
#2868=LINE('',#3628,#3629);
#2869=VERTEX_POINT('',#3630);
#2870=LINE('',#3631,#3632);
#2871=VERTEX_POINT('',#3633);
#2872=LINE('',#3634,#3635);
#2873=LINE('',#3636,#3637);
#2874=FILL_AREA_STYLE_COLOUR('',#3638);
#2875=VERTEX_POINT('',#3639);
#2876=LINE('',#3640,#3641);
#2877=VERTEX_POINT('',#3642);
#2878=LINE('',#3643,#3644);
#2879=LINE('',#3645,#3646);
#2880=FILL_AREA_STYLE_COLOUR('',#3647);
#2881=VERTEX_POINT('',#3648);
#2882=VERTEX_POINT('',#3649);
#2883=LINE('',#3650,#3651);
#2884=VERTEX_POINT('',#3652);
#2885=LINE('',#3653,#3654);
#2886=CIRCLE('',#3655,0.5);
#2887=FILL_AREA_STYLE_COLOUR('',#3656);
#2888=VERTEX_POINT('',#3657);
#2889=LINE('',#3658,#3659);
#2890=VERTEX_POINT('',#3660);
#2891=LINE('',#3661,#3662);
#2892=LINE('',#3663,#3664);
#2893=FILL_AREA_STYLE_COLOUR('',#3665);
#2894=VERTEX_POINT('',#3666);
#2895=VERTEX_POINT('',#3667);
#2896=LINE('',#3668,#3669);
#2897=VERTEX_POINT('',#3670);
#2898=LINE('',#3671,#3672);
#2899=VERTEX_POINT('',#3673);
#2900=LINE('',#3674,#3675);
#2901=LINE('',#3676,#3677);
#2902=FILL_AREA_STYLE_COLOUR('',#3678);
#2903=VERTEX_POINT('',#3679);
#2904=VERTEX_POINT('',#3680);
#2905=LINE('',#3681,#3682);
#2906=VERTEX_POINT('',#3683);
#2907=LINE('',#3684,#3685);
#2908=VERTEX_POINT('',#3686);
#2909=LINE('',#3687,#3688);
#2910=LINE('',#3689,#3690);
#2911=FILL_AREA_STYLE_COLOUR('',#3691);
#2912=VERTEX_POINT('',#3692);
#2913=LINE('',#3693,#3694);
#2914=VERTEX_POINT('',#3695);
#2915=CIRCLE('',#3696,0.25);
#2916=VERTEX_POINT('',#3697);
#2917=LINE('',#3698,#3699);
#2918=LINE('',#3700,#3701);
#2919=FILL_AREA_STYLE_COLOUR('',#3702);
#2920=VERTEX_POINT('',#3703);
#2921=VERTEX_POINT('',#3704);
#2922=LINE('',#3705,#3706);
#2923=VERTEX_POINT('',#3707);
#2924=LINE('',#3708,#3709);
#2925=VERTEX_POINT('',#3710);
#2926=LINE('',#3711,#3712);
#2927=VERTEX_POINT('',#3713);
#2928=LINE('',#3714,#3715);
#2929=VERTEX_POINT('',#3716);
#2930=LINE('',#3717,#3718);
#2931=LINE('',#3719,#3720);
#2932=FILL_AREA_STYLE_COLOUR('',#3721);
#2933=VERTEX_POINT('',#3722);
#2934=LINE('',#3723,#3724);
#2935=VERTEX_POINT('',#3725);
#2936=LINE('',#3726,#3727);
#2937=LINE('',#3728,#3729);
#2938=FILL_AREA_STYLE_COLOUR('',#3730);
#2939=VERTEX_POINT('',#3731);
#2940=LINE('',#3732,#3733);
#2941=LINE('',#3734,#3735);
#2942=FILL_AREA_STYLE_COLOUR('',#3736);
#2943=VERTEX_POINT('',#3737);
#2944=LINE('',#3738,#3739);
#2945=LINE('',#3740,#3741);
#2946=FILL_AREA_STYLE_COLOUR('',#3742);
#2947=VERTEX_POINT('',#3743);
#2948=LINE('',#3744,#3745);
#2949=VERTEX_POINT('',#3746);
#2950=LINE('',#3747,#3748);
#2951=LINE('',#3749,#3750);
#2952=FILL_AREA_STYLE_COLOUR('',#3751);
#2953=LINE('',#3752,#3753);
#2954=FILL_AREA_STYLE_COLOUR('',#3754);
#2955=VERTEX_POINT('',#3755);
#2956=LINE('',#3756,#3757);
#2957=LINE('',#3758,#3759);
#2958=VERTEX_POINT('',#3760);
#2959=LINE('',#3761,#3762);
#2960=VERTEX_POINT('',#3763);
#2961=LINE('',#3764,#3765);
#2962=VERTEX_POINT('',#3766);
#2963=LINE('',#3767,#3768);
#2964=LINE('',#3769,#3770);
#2965=FILL_AREA_STYLE_COLOUR('',#3771);
#2966=LINE('',#3772,#3773);
#2967=LINE('',#3774,#3775);
#2968=FILL_AREA_STYLE_COLOUR('',#3776);
#2969=VERTEX_POINT('',#3777);
#2970=LINE('',#3778,#3779);
#2971=CIRCLE('',#3780,0.5);
#2972=FILL_AREA_STYLE_COLOUR('',#3781);
#2973=VERTEX_POINT('',#3782);
#2974=VERTEX_POINT('',#3783);
#2975=LINE('',#3784,#3785);
#2976=VERTEX_POINT('',#3786);
#2977=LINE('',#3787,#3788);
#2978=VERTEX_POINT('',#3789);
#2979=LINE('',#3790,#3791);
#2980=VERTEX_POINT('',#3792);
#2981=LINE('',#3793,#3794);
#2982=LINE('',#3795,#3796);
#2983=LINE('',#3797,#3798);
#2984=LINE('',#3799,#3800);
#2985=FILL_AREA_STYLE_COLOUR('',#3801);
#2986=VERTEX_POINT('',#3802);
#2987=LINE('',#3803,#3804);
#2988=VERTEX_POINT('',#3805);
#2989=CIRCLE('',#3806,0.25);
#2990=LINE('',#3807,#3808);
#2991=FILL_AREA_STYLE_COLOUR('',#3809);
#2992=LINE('',#3810,#3811);
#2993=LINE('',#3812,#3813);
#2994=FILL_AREA_STYLE_COLOUR('',#3814);
#2995=LINE('',#3815,#3816);
#2996=FILL_AREA_STYLE_COLOUR('',#3817);
#2997=VERTEX_POINT('',#3818);
#2998=LINE('',#3819,#3820);
#2999=VERTEX_POINT('',#3821);
#3000=LINE('',#3822,#3823);
#3001=VERTEX_POINT('',#3824);
#3002=CIRCLE('',#3825,0.375);
#3003=VERTEX_POINT('',#3826);
#3004=LINE('',#3827,#3828);
#3005=CIRCLE('',#3829,0.375);
#3006=FILL_AREA_STYLE_COLOUR('',#3830);
#3007=VERTEX_POINT('',#3831);
#3008=LINE('',#3832,#3833);
#3009=LINE('',#3834,#3835);
#3010=FILL_AREA_STYLE_COLOUR('',#3836);
#3011=VERTEX_POINT('',#3837);
#3012=VERTEX_POINT('',#3838);
#3013=B_SPLINE_CURVE_WITH_KNOTS('',3,(#3839,#3840,#3841,#3842,#3843,#3844,#3845,#3846,#3847,#3848,#3849,#3850),.UNSPECIFIED.,.F.,.F.,(4,2,2,2,2,4),(0.0,0.00181545891629503,0.15283495330773,0.303854447699166,0.406773469344522,0.509692490989872),.UNSPECIFIED.);
#3014=VERTEX_POINT('',#3851);
#3015=LINE('',#3852,#3853);
#3016=B_SPLINE_CURVE_WITH_KNOTS('',3,(#3854,#3855,#3856,#3857,#3858,#3859,#3860,#3861,#3862,#3863,#3864,#3865),.UNSPECIFIED.,.F.,.F.,(4,2,2,2,2,4),(1.27270276293774,1.37562178458309,1.47854080622845,1.62956030061989,1.78057979501132,1.78239525392762),.UNSPECIFIED.);
#3017=FILL_AREA_STYLE_COLOUR('',#3866);
#3018=B_SPLINE_CURVE_WITH_KNOTS('',3,(#3867,#3868,#3869,#3870,#3871,#3872,#3873,#3874,#3875,#3876,#3877,#3878),.UNSPECIFIED.,.F.,.F.,(4,2,2,2,2,4),(1.27270276293774,1.37562178458309,1.47854080622845,1.62956030061989,1.78057979501132,1.78239525392762),.UNSPECIFIED.);
#3019=B_SPLINE_CURVE_WITH_KNOTS('',3,(#3879,#3880,#3881,#3882,#3883,#3884,#3885,#3886,#3887,#3888,#3889,#3890),.UNSPECIFIED.,.F.,.F.,(4,2,2,2,2,4),(0.0,0.00181545891629495,0.15283495330773,0.303854447699165,0.406773469344522,0.509692490989872),.UNSPECIFIED.);
#3020=FILL_AREA_STYLE_COLOUR('',#3891);
#3021=VERTEX_POINT('',#3892);
#3022=LINE('',#3893,#3894);
#3023=CIRCLE('',#3895,0.375);
#3024=CIRCLE('',#3896,0.375);
#3025=FILL_AREA_STYLE_COLOUR('',#3897);
#3026=LINE('',#3898,#3899);
#3027=FILL_AREA_STYLE_COLOUR('',#3900);
#3028=FILL_AREA_STYLE_COLOUR('',#3901);
#3029=FILL_AREA_STYLE_COLOUR('',#3902);
#3030=VERTEX_POINT('',#3903);
#3031=LINE('',#3904,#3905);
#3032=VERTEX_POINT('',#3906);
#3033=LINE('',#3907,#3908);
#3034=VERTEX_POINT('',#3909);
#3035=LINE('',#3910,#3911);
#3036=LINE('',#3912,#3913);
#3037=FILL_AREA_STYLE_COLOUR('',#3914);
#3038=LINE('',#3915,#3916);
#3039=FILL_AREA_STYLE_COLOUR('',#3917);
#3040=VERTEX_POINT('',#3918);
#3041=LINE('',#3919,#3920);
#3042=LINE('',#3921,#3922);
#3043=FILL_AREA_STYLE_COLOUR('',#3923);
#3044=VERTEX_POINT('',#3924);
#3045=LINE('',#3925,#3926);
#3046=VERTEX_POINT('',#3927);
#3047=LINE('',#3928,#3929);
#3048=LINE('',#3930,#3931);
#3049=FILL_AREA_STYLE_COLOUR('',#3932);
#3050=VERTEX_POINT('',#3933);
#3051=LINE('',#3934,#3935);
#3052=VERTEX_POINT('',#3936);
#3053=LINE('',#3937,#3938);
#3054=VERTEX_POINT('',#3939);
#3055=LINE('',#3940,#3941);
#3056=VERTEX_POINT('',#3942);
#3057=LINE('',#3943,#3944);
#3058=LINE('',#3945,#3946);
#3059=FILL_AREA_STYLE_COLOUR('',#3947);
#3060=VERTEX_POINT('',#3948);
#3061=CIRCLE('',#3949,2.0);
#3062=VERTEX_POINT('',#3950);
#3063=LINE('',#3951,#3952);
#3064=VERTEX_POINT('',#3953);
#3065=CIRCLE('',#3954,2.0);
#3066=VERTEX_POINT('',#3955);
#3067=LINE('',#3956,#3957);
#3068=CIRCLE('',#3958,2.0);
#3069=CIRCLE('',#3959,2.0);
#3070=FILL_AREA_STYLE_COLOUR('',#3960);
#3071=LINE('',#3961,#3962);
#3072=LINE('',#3963,#3964);
#3073=FILL_AREA_STYLE_COLOUR('',#3965);
#3074=LINE('',#3966,#3967);
#3075=FILL_AREA_STYLE_COLOUR('',#3968);
#3076=LINE('',#3969,#3970);
#3077=FILL_AREA_STYLE_COLOUR('',#3971);
#3078=FILL_AREA_STYLE_COLOUR('',#3972);
#3079=FILL_AREA_STYLE_COLOUR('',#3973);
#3080=VERTEX_POINT('',#3974);
#3081=CIRCLE('',#3975,2.0);
#3082=VERTEX_POINT('',#3976);
#3083=LINE('',#3977,#3978);
#3084=VERTEX_POINT('',#3979);
#3085=CIRCLE('',#3980,2.0);
#3086=VERTEX_POINT('',#3981);
#3087=LINE('',#3982,#3983);
#3088=CIRCLE('',#3984,2.0);
#3089=CIRCLE('',#3985,2.0);
#3090=FILL_AREA_STYLE_COLOUR('',#3986);
#3091=LINE('',#3987,#3988);
#3092=LINE('',#3989,#3990);
#3093=FILL_AREA_STYLE_COLOUR('',#3991);
#3094=LINE('',#3992,#3993);
#3095=FILL_AREA_STYLE_COLOUR('',#3994);
#3096=LINE('',#3995,#3996);
#3097=FILL_AREA_STYLE_COLOUR('',#3997);
#3098=FILL_AREA_STYLE_COLOUR('',#3998);
#3099=FILL_AREA_STYLE_COLOUR('',#3999);
#3100=VERTEX_POINT('',#4000);
#3101=VERTEX_POINT('',#4001);
#3102=LINE('',#4002,#4003);
#3103=LINE('',#4004,#4005);
#3104=LINE('',#4006,#4007);
#3105=FILL_AREA_STYLE_COLOUR('',#4008);
#3106=VERTEX_POINT('',#4009);
#3107=LINE('',#4010,#4011);
#3108=LINE('',#4012,#4013);
#3109=FILL_AREA_STYLE_COLOUR('',#4014);
#3110=VERTEX_POINT('',#4015);
#3111=LINE('',#4016,#4017);
#3112=LINE('',#4018,#4019);
#3113=FILL_AREA_STYLE_COLOUR('',#4020);
#3114=LINE('',#4021,#4022);
#3115=FILL_AREA_STYLE_COLOUR('',#4023);
#3116=VERTEX_POINT('',#4024);
#3117=VERTEX_POINT('',#4025);
#3118=LINE('',#4026,#4027);
#3119=LINE('',#4028,#4029);
#3120=LINE('',#4030,#4031);
#3121=FILL_AREA_STYLE_COLOUR('',#4032);
#3122=VERTEX_POINT('',#4033);
#3123=LINE('',#4034,#4035);
#3124=LINE('',#4036,#4037);
#3125=FILL_AREA_STYLE_COLOUR('',#4038);
#3126=VERTEX_POINT('',#4039);
#3127=LINE('',#4040,#4041);
#3128=LINE('',#4042,#4043);
#3129=FILL_AREA_STYLE_COLOUR('',#4044);
#3130=LINE('',#4045,#4046);
#3131=FILL_AREA_STYLE_COLOUR('',#4047);
#3132=VERTEX_POINT('',#4048);
#3133=LINE('',#4049,#4050);
#3134=VERTEX_POINT('',#4051);
#3135=LINE('',#4052,#4053);
#3136=LINE('',#4054,#4055);
#3137=FILL_AREA_STYLE_COLOUR('',#4056);
#3138=LINE('',#4057,#4058);
#3139=FILL_AREA_STYLE_COLOUR('',#4059);
#3140=VERTEX_POINT('',#4060);
#3141=LINE('',#4061,#4062);
#3142=VERTEX_POINT('',#4063);
#3143=LINE('',#4064,#4065);
#3144=LINE('',#4066,#4067);
#3145=FILL_AREA_STYLE_COLOUR('',#4068);
#3146=LINE('',#4069,#4070);
#3147=FILL_AREA_STYLE_COLOUR('',#4071);
#3148=LINE('',#4072,#4073);
#3149=FILL_AREA_STYLE_COLOUR('',#4074);
#3150=LINE('',#4075,#4076);
#3151=FILL_AREA_STYLE_COLOUR('',#4077);
#3152=LINE('',#4078,#4079);
#3153=FILL_AREA_STYLE_COLOUR('',#4080);
#3154=VERTEX_POINT('',#4081);
#3155=LINE('',#4082,#4083);
#3156=VERTEX_POINT('',#4084);
#3157=LINE('',#4085,#4086);
#3158=LINE('',#4087,#4088);
#3159=FILL_AREA_STYLE_COLOUR('',#4089);
#3160=LINE('',#4090,#4091);
#3161=FILL_AREA_STYLE_COLOUR('',#4092);
#3162=VERTEX_POINT('',#4093);
#3163=LINE('',#4094,#4095);
#3164=VERTEX_POINT('',#4096);
#3165=LINE('',#4097,#4098);
#3166=LINE('',#4099,#4100);
#3167=FILL_AREA_STYLE_COLOUR('',#4101);
#3168=LINE('',#4102,#4103);
#3169=FILL_AREA_STYLE_COLOUR('',#4104);
#3170=LINE('',#4105,#4106);
#3171=FILL_AREA_STYLE_COLOUR('',#4107);
#3172=LINE('',#4108,#4109);
#3173=FILL_AREA_STYLE_COLOUR('',#4110);
#3174=LINE('',#4111,#4112);
#3175=FILL_AREA_STYLE_COLOUR('',#4113);
#3176=CIRCLE('',#4114,2.1);
#3177=CIRCLE('',#4115,2.1);
#3178=FILL_AREA_STYLE_COLOUR('',#4116);
#3179=FILL_AREA_STYLE_COLOUR('',#4117);
#3180=CIRCLE('',#4118,2.1);
#3181=CIRCLE('',#4119,2.1);
#3182=FILL_AREA_STYLE_COLOUR('',#4120);
#3183=FILL_AREA_STYLE_COLOUR('',#4121);
#3184=VERTEX_POINT('',#4122);
#3185=VERTEX_POINT('',#4123);
#3186=LINE('',#4124,#4125);
#3187=VERTEX_POINT('',#4126);
#3188=LINE('',#4127,#4128);
#3189=VERTEX_POINT('',#4129);
#3190=LINE('',#4130,#4131);
#3191=LINE('',#4132,#4133);
#3192=FILL_AREA_STYLE_COLOUR('',#4134);
#3193=VERTEX_POINT('',#4135);
#3194=LINE('',#4136,#4137);
#3195=VERTEX_POINT('',#4138);
#3196=LINE('',#4139,#4140);
#3197=LINE('',#4141,#4142);
#3198=FILL_AREA_STYLE_COLOUR('',#4143);
#3199=VERTEX_POINT('',#4144);
#3200=LINE('',#4145,#4146);
#3201=VERTEX_POINT('',#4147);
#3202=LINE('',#4148,#4149);
#3203=LINE('',#4150,#4151);
#3204=FILL_AREA_STYLE_COLOUR('',#4152);
#3205=VERTEX_POINT('',#4153);
#3206=LINE('',#4154,#4155);
#3207=VERTEX_POINT('',#4156);
#3208=LINE('',#4157,#4158);
#3209=LINE('',#4159,#4160);
#3210=FILL_AREA_STYLE_COLOUR('',#4161);
#3211=VERTEX_POINT('',#4162);
#3212=LINE('',#4163,#4164);
#3213=VERTEX_POINT('',#4165);
#3214=LINE('',#4166,#4167);
#3215=LINE('',#4168,#4169);
#3216=FILL_AREA_STYLE_COLOUR('',#4170);
#3217=VERTEX_POINT('',#4171);
#3218=LINE('',#4172,#4173);
#3219=VERTEX_POINT('',#4174);
#3220=LINE('',#4175,#4176);
#3221=LINE('',#4177,#4178);
#3222=FILL_AREA_STYLE_COLOUR('',#4179);
#3223=LINE('',#4180,#4181);
#3224=LINE('',#4182,#4183);
#3225=FILL_AREA_STYLE_COLOUR('',#4184);
#3226=FILL_AREA_STYLE_COLOUR('',#4185);
#3227=COLOUR_RGB('',0.454901963472366,0.686274528503418,0.498039215803146);
#3228=CARTESIAN_POINT('',(6.25,10.1,2.54));
#3229=CARTESIAN_POINT('',(6.25,8.1,2.54));
#3230=CARTESIAN_POINT('',(6.25,10.1,2.54));
#3231=VECTOR('',#4186,1.0);
#3232=CARTESIAN_POINT('',(2.05,10.1,2.54));
#3233=AXIS2_PLACEMENT_3D('',#4187,#4188,#4189);
#3234=CARTESIAN_POINT('',(2.05,8.1,2.54));
#3235=CARTESIAN_POINT('',(2.05,10.1,2.54));
#3236=VECTOR('',#4190,1.0);
#3237=AXIS2_PLACEMENT_3D('',#4191,#4192,#4193);
#3238=COLOUR_RGB('',0.454901963472366,0.686274528503418,0.498039215803146);
#3239=CARTESIAN_POINT('',(6.25,10.1,7.62));
#3240=CARTESIAN_POINT('',(6.25,8.1,7.62));
#3241=CARTESIAN_POINT('',(6.25,10.1,7.62));
#3242=VECTOR('',#4194,1.0);
#3243=CARTESIAN_POINT('',(2.05,10.1,7.62));
#3244=AXIS2_PLACEMENT_3D('',#4195,#4196,#4197);
#3245=CARTESIAN_POINT('',(2.05,8.1,7.62));
#3246=CARTESIAN_POINT('',(2.05,10.1,7.62));
#3247=VECTOR('',#4198,1.0);
#3248=AXIS2_PLACEMENT_3D('',#4199,#4200,#4201);
#3249=COLOUR_RGB('',0.752941191196442,0.752941191196442,0.752941191196442);
#3250=CARTESIAN_POINT('',(6.15,8.1,2.54));
#3251=CARTESIAN_POINT('',(6.15,8.85,2.54));
#3252=CARTESIAN_POINT('',(6.15,8.35,2.54));
#3253=VECTOR('',#4202,1.0);
#3254=CARTESIAN_POINT('',(2.15,8.1,2.54));
#3255=AXIS2_PLACEMENT_3D('',#4203,#4204,#4205);
#3256=CARTESIAN_POINT('',(2.15,8.85,2.54));
#3257=CARTESIAN_POINT('',(2.15,8.35,2.54));
#3258=VECTOR('',#4206,1.0);
#3259=CARTESIAN_POINT('',(2.15391007216609,8.85,2.415));
#3260=AXIS2_PLACEMENT_3D('',#4207,#4208,#4209);
#3261=CARTESIAN_POINT('',(2.15391007216609,9.1,2.415));
#3262=CARTESIAN_POINT('',(2.15391007216609,8.975,2.415));
#3263=VECTOR('',#4210,1.0);
#3264=CARTESIAN_POINT('',(6.14608992783391,9.1,2.415));
#3265=AXIS2_PLACEMENT_3D('',#4211,#4212,#4213);
#3266=CARTESIAN_POINT('',(6.14608992783391,8.85,2.415));
#3267=CARTESIAN_POINT('',(6.14608992783391,8.975,2.415));
#3268=VECTOR('',#4214,1.0);
#3269=AXIS2_PLACEMENT_3D('',#4215,#4216,#4217);
#3270=COLOUR_RGB('',0.752941191196442,0.752941191196442,0.752941191196442);
#3271=CARTESIAN_POINT('',(6.15,8.1,7.62));
#3272=CARTESIAN_POINT('',(6.15,8.85,7.62));
#3273=CARTESIAN_POINT('',(6.15,8.35,7.62));
#3274=VECTOR('',#4218,1.0);
#3275=CARTESIAN_POINT('',(2.15,8.1,7.62));
#3276=AXIS2_PLACEMENT_3D('',#4219,#4220,#4221);
#3277=CARTESIAN_POINT('',(2.15,8.85,7.62));
#3278=CARTESIAN_POINT('',(2.15,8.35,7.62));
#3279=VECTOR('',#4222,1.0);
#3280=CARTESIAN_POINT('',(2.15391007216609,8.85,7.495));
#3281=AXIS2_PLACEMENT_3D('',#4223,#4224,#4225);
#3282=CARTESIAN_POINT('',(2.15391007216609,9.1,7.495));
#3283=CARTESIAN_POINT('',(2.15391007216609,8.975,7.495));
#3284=VECTOR('',#4226,1.0);
#3285=CARTESIAN_POINT('',(6.14608992783391,9.1,7.495));
#3286=AXIS2_PLACEMENT_3D('',#4227,#4228,#4229);
#3287=CARTESIAN_POINT('',(6.14608992783391,8.85,7.495));
#3288=CARTESIAN_POINT('',(6.14608992783391,8.975,7.495));
#3289=VECTOR('',#4230,1.0);
#3290=AXIS2_PLACEMENT_3D('',#4231,#4232,#4233);
#3291=COLOUR_RGB('',0.752941191196442,0.752941191196442,0.752941191196442);
#3292=CARTESIAN_POINT('',(6.81,1.65,6.37));
#3293=CARTESIAN_POINT('',(6.81,4.05,6.37));
#3294=CARTESIAN_POINT('',(6.81,1.56904761904762,6.37));
#3295=VECTOR('',#4234,1.0);
#3296=CARTESIAN_POINT('',(6.81,1.65,6.72));
#3297=CARTESIAN_POINT('',(6.81,1.65,6.37));
#3298=VECTOR('',#4235,1.0);
#3299=CARTESIAN_POINT('',(6.81,1.75,6.72));
#3300=CARTESIAN_POINT('',(6.81,1.75,6.72));
#3301=VECTOR('',#4236,1.0);
#3302=CARTESIAN_POINT('',(6.81,1.75,6.47));
#3303=CARTESIAN_POINT('',(6.81,1.75,6.47));
#3304=VECTOR('',#4237,1.0);
#3305=CARTESIAN_POINT('',(6.81,4.05,6.47));
#3306=CARTESIAN_POINT('',(6.81,4.05,6.47));
#3307=VECTOR('',#4238,1.0);
#3308=CARTESIAN_POINT('',(6.81,4.05,6.945));
#3309=VECTOR('',#4239,1.0);
#3310=COLOUR_RGB('',0.752941191196442,0.752941191196442,0.752941191196442);
#3311=CARTESIAN_POINT('',(6.91,1.65,6.72));
#3312=CARTESIAN_POINT('',(5.63,1.65,6.72));
#3313=VECTOR('',#4240,1.0);
#3314=CARTESIAN_POINT('',(6.91,1.75,6.72));
#3315=CARTESIAN_POINT('',(6.91,1.75,6.72));
#3316=VECTOR('',#4241,1.0);
#3317=CARTESIAN_POINT('',(6.91,1.75,6.72));
#3318=VECTOR('',#4242,1.0);
#3319=COLOUR_RGB('',0.752941191196442,0.752941191196442,0.752941191196442);
#3320=CARTESIAN_POINT('',(1.5,0.5,6.27));
#3321=CARTESIAN_POINT('',(1.0,0.5,6.27));
#3322=CARTESIAN_POINT('',(3.53320194212808,0.5,6.27));
#3323=VECTOR('',#4243,1.0);
#3324=CARTESIAN_POINT('',(1.5,0.0,6.27));
#3325=CARTESIAN_POINT('',(1.5,0.75,6.27));
#3326=VECTOR('',#4244,1.0);
#3327=AXIS2_PLACEMENT_3D('',#4245,#4246,#4247);
#3328=COLOUR_RGB('',0.752941191196442,0.752941191196442,0.752941191196442);
#3329=CARTESIAN_POINT('',(1.5,0.5,6.945));
#3330=CARTESIAN_POINT('',(1.5,0.5,6.945));
#3331=VECTOR('',#4248,1.0);
#3332=CARTESIAN_POINT('',(1.5,0.0,6.945));
#3333=CARTESIAN_POINT('',(1.5,0.25,6.945));
#3334=VECTOR('',#4249,1.0);
#3335=CARTESIAN_POINT('',(1.5,0.0,6.27));
#3336=VECTOR('',#4250,1.0);
#3337=COLOUR_RGB('',0.752941191196442,0.752941191196442,0.752941191196442);
#3338=CARTESIAN_POINT('',(1.5,0.5,8.97));
#3339=CARTESIAN_POINT('',(1.5,0.5,8.295));
#3340=CARTESIAN_POINT('',(1.5,0.5,6.945));
#3341=VECTOR('',#4251,1.0);
#3342=CARTESIAN_POINT('',(1.5,0.0,8.97));
#3343=CARTESIAN_POINT('',(1.5,2.0,8.97));
#3344=VECTOR('',#4252,1.0);
#3345=CARTESIAN_POINT('',(1.5,-5.55111512312578E-17,8.295));
#3346=CARTESIAN_POINT('',(1.5,0.0,6.27));
#3347=VECTOR('',#4253,1.0);
#3348=CARTESIAN_POINT('',(1.5,0.25,8.295));
#3349=VECTOR('',#4254,1.0);
#3350=COLOUR_RGB('',0.752941191196442,0.752941191196442,0.752941191196442);
#3351=CARTESIAN_POINT('',(1.5,1.65,8.87));
#3352=CARTESIAN_POINT('',(1.5,4.05,8.87));
#3353=CARTESIAN_POINT('',(1.5,0.6875,8.87));
#3354=VECTOR('',#4255,1.0);
#3355=CARTESIAN_POINT('',(1.5,1.65,6.37));
#3356=CARTESIAN_POINT('',(1.5,1.65,5.695));
#3357=VECTOR('',#4256,1.0);
#3358=CARTESIAN_POINT('',(1.5,4.05,6.37));
#3359=CARTESIAN_POINT('',(1.5,0.6875,6.37));
#3360=VECTOR('',#4257,1.0);
#3361=CARTESIAN_POINT('',(1.5,4.05,6.27));
#3362=VECTOR('',#4258,1.0);
#3363=COLOUR_RGB('',0.752941191196442,0.752941191196442,0.752941191196442);
#3364=CARTESIAN_POINT('',(3.75,0.5,6.945));
#3365=CARTESIAN_POINT('',(3.575,0.5,6.945));
#3366=VECTOR('',#4259,1.0);
#3367=CARTESIAN_POINT('',(4.0,0.25,6.945));
#3368=AXIS2_PLACEMENT_3D('',#4260,#4261,#4262);
#3369=CARTESIAN_POINT('',(4.0,0.0,6.945));
#3370=CARTESIAN_POINT('',(4.0,0.1875,6.945));
#3371=VECTOR('',#4263,1.0);
#3372=CARTESIAN_POINT('',(2.875,0.0,6.945));
#3373=VECTOR('',#4264,1.0);
#3374=COLOUR_RGB('',0.752941191196442,0.752941191196442,0.752941191196442);
#3375=CARTESIAN_POINT('',(6.81,4.05,8.87));
#3376=CARTESIAN_POINT('',(6.81,1.65,8.87));
#3377=CARTESIAN_POINT('',(6.81,1.56904761904762,8.87));
#3378=VECTOR('',#4265,1.0);
#3379=CARTESIAN_POINT('',(6.81,4.05,8.77));
#3380=CARTESIAN_POINT('',(6.81,4.05,6.945));
#3381=VECTOR('',#4266,1.0);
#3382=CARTESIAN_POINT('',(6.81,1.75,8.77));
#3383=CARTESIAN_POINT('',(6.81,1.75,8.77));
#3384=VECTOR('',#4267,1.0);
#3385=CARTESIAN_POINT('',(6.81,1.75,8.52));
#3386=CARTESIAN_POINT('',(6.81,1.75,8.77));
#3387=VECTOR('',#4268,1.0);
#3388=CARTESIAN_POINT('',(6.81,1.65,8.52));
#3389=CARTESIAN_POINT('',(6.81,1.75,8.52));
#3390=VECTOR('',#4269,1.0);
#3391=CARTESIAN_POINT('',(6.81,1.65,6.37));
#3392=VECTOR('',#4270,1.0);
#3393=COLOUR_RGB('',0.752941191196442,0.752941191196442,0.752941191196442);
#3394=CARTESIAN_POINT('',(6.91,1.65,8.52));
#3395=CARTESIAN_POINT('',(5.63,1.65,8.52));
#3396=VECTOR('',#4271,1.0);
#3397=CARTESIAN_POINT('',(6.91,1.75,8.52));
#3398=CARTESIAN_POINT('',(6.91,1.75,8.52));
#3399=VECTOR('',#4272,1.0);
#3400=CARTESIAN_POINT('',(6.91,1.75,8.52));
#3401=VECTOR('',#4273,1.0);
#3402=COLOUR_RGB('',0.752941191196442,0.752941191196442,0.752941191196442);
#3403=CARTESIAN_POINT('',(6.91,1.75,8.77));
#3404=CARTESIAN_POINT('',(6.91,1.75,8.77));
#3405=VECTOR('',#4274,1.0);
#3406=CARTESIAN_POINT('',(6.91,1.75,8.77));
#3407=VECTOR('',#4275,1.0);
#3408=COLOUR_RGB('',0.752941191196442,0.752941191196442,0.752941191196442);
#3409=CARTESIAN_POINT('',(6.91,4.05,8.77));
#3410=CARTESIAN_POINT('',(5.555,4.05,8.77));
#3411=VECTOR('',#4276,1.0);
#3412=CARTESIAN_POINT('',(6.91,1.75,8.77));
#3413=VECTOR('',#4277,1.0);
#3414=COLOUR_RGB('',0.752941191196442,0.752941191196442,0.752941191196442);
#3415=CARTESIAN_POINT('',(6.91,1.75,6.47));
#3416=CARTESIAN_POINT('',(6.91,1.75,6.47));
#3417=VECTOR('',#4278,1.0);
#3418=CARTESIAN_POINT('',(6.91,4.05,6.47));
#3419=CARTESIAN_POINT('',(6.91,4.05,6.47));
#3420=VECTOR('',#4279,1.0);
#3421=CARTESIAN_POINT('',(5.555,4.05,6.47));
#3422=VECTOR('',#4280,1.0);
#3423=COLOUR_RGB('',0.752941191196442,0.752941191196442,0.752941191196442);
#3424=CARTESIAN_POINT('',(6.91,1.75,6.47));
#3425=VECTOR('',#4281,1.0);
#3426=COLOUR_RGB('',0.752941191196442,0.752941191196442,0.752941191196442);
#3427=CARTESIAN_POINT('',(6.91,1.65,8.87));
#3428=CARTESIAN_POINT('',(6.91,1.65,6.37));
#3429=VECTOR('',#4282,1.0);
#3430=CARTESIAN_POINT('',(6.91,4.05,8.77));
#3431=VECTOR('',#4283,1.0);
#3432=CARTESIAN_POINT('',(6.91,1.65,6.37));
#3433=CARTESIAN_POINT('',(6.91,1.65,6.37));
#3434=VECTOR('',#4284,1.0);
#3435=CARTESIAN_POINT('',(6.91,4.15,6.37));
#3436=CARTESIAN_POINT('',(6.91,1.56904761904762,6.37));
#3437=VECTOR('',#4285,1.0);
#3438=CARTESIAN_POINT('',(6.91,4.15,8.87));
#3439=CARTESIAN_POINT('',(6.91,4.15,6.37));
#3440=VECTOR('',#4286,1.0);
#3441=CARTESIAN_POINT('',(6.91,1.56904761904762,8.87));
#3442=VECTOR('',#4287,1.0);
#3443=COLOUR_RGB('',0.752941191196442,0.752941191196442,0.752941191196442);
#3444=CARTESIAN_POINT('',(3.925,4.05,8.87));
#3445=VECTOR('',#4288,1.0);
#3446=CARTESIAN_POINT('',(3.925,4.05,6.37));
#3447=VECTOR('',#4289,1.0);
#3448=COLOUR_RGB('',0.752941191196442,0.752941191196442,0.752941191196442);
#3449=CARTESIAN_POINT('',(1.0,0.5,8.97));
#3450=CARTESIAN_POINT('',(3.53320194212808,0.5,8.97));
#3451=VECTOR('',#4290,1.0);
#3452=AXIS2_PLACEMENT_3D('',#4291,#4292,#4293);
#3453=COLOUR_RGB('',0.752941191196442,0.752941191196442,0.752941191196442);
#3454=CARTESIAN_POINT('',(3.5,0.0,7.245));
#3455=CARTESIAN_POINT('',(4.0,0.0,7.245));
#3456=CARTESIAN_POINT('',(3.0,0.0,7.245));
#3457=VECTOR('',#4294,1.0);
#3458=CARTESIAN_POINT('',(3.5,0.0,7.995));
#3459=CARTESIAN_POINT('',(3.5,0.0,6.695));
#3460=VECTOR('',#4295,1.0);
#3461=CARTESIAN_POINT('',(4.0,0.0,7.995));
#3462=CARTESIAN_POINT('',(3.0,0.0,7.995));
#3463=VECTOR('',#4296,1.0);
#3464=CARTESIAN_POINT('',(4.0,0.0,8.295));
#3465=CARTESIAN_POINT('',(4.0,0.0,6.27));
#3466=VECTOR('',#4297,1.0);
#3467=CARTESIAN_POINT('',(2.875,0.0,8.295));
#3468=VECTOR('',#4298,1.0);
#3469=CARTESIAN_POINT('',(1.5,0.0,6.27));
#3470=VECTOR('',#4299,1.0);
#3471=CARTESIAN_POINT('',(4.0,0.0,6.27));
#3472=VECTOR('',#4300,1.0);
#3473=COLOUR_RGB('',0.752941191196442,0.752941191196442,0.752941191196442);
#3474=CARTESIAN_POINT('',(3.75,0.5,8.295));
#3475=CARTESIAN_POINT('',(3.75,0.5,7.62));
#3476=VECTOR('',#4301,1.0);
#3477=CARTESIAN_POINT('',(4.0,0.25,8.295));
#3478=AXIS2_PLACEMENT_3D('',#4302,#4303,#4304);
#3479=CARTESIAN_POINT('',(4.0,0.25,6.27));
#3480=VECTOR('',#4305,1.0);
#3481=COLOUR_RGB('',0.752941191196442,0.752941191196442,0.752941191196442);
#3482=CARTESIAN_POINT('',(3.575,0.5,8.295));
#3483=VECTOR('',#4306,1.0);
#3484=CARTESIAN_POINT('',(4.0,0.1875,8.295));
#3485=VECTOR('',#4307,1.0);
#3486=COLOUR_RGB('',0.752941191196442,0.752941191196442,0.752941191196442);
#3487=CARTESIAN_POINT('',(1.0,0.5,7.62));
#3488=VECTOR('',#4308,1.0);
#3489=COLOUR_RGB('',0.752941191196442,0.752941191196442,0.752941191196442);
#3490=CARTESIAN_POINT('',(4.0,-3.725,7.245));
#3491=CARTESIAN_POINT('',(4.0,-1.58148853963302,7.245));
#3492=VECTOR('',#4309,1.0);
#3493=CARTESIAN_POINT('',(4.0,-3.725,7.995));
#3494=CARTESIAN_POINT('',(4.0,-1.58148853963302,7.995));
#3495=VECTOR('',#4310,1.0);
#3496=CARTESIAN_POINT('',(4.0,-3.85,7.97355339059327));
#3497=AXIS2_PLACEMENT_3D('',#4311,#4312,#4313);
#3498=CARTESIAN_POINT('',(4.0,-3.85,7.26644660940673));
#3499=CARTESIAN_POINT('',(4.0,-3.85,7.12));
#3500=VECTOR('',#4314,1.0);
#3501=AXIS2_PLACEMENT_3D('',#4315,#4316,#4317);
#3502=COLOUR_RGB('',0.752941191196442,0.752941191196442,0.752941191196442);
#3503=CARTESIAN_POINT('',(3.5,-3.725,7.995));
#3504=CARTESIAN_POINT('',(3.5,-1.58148853963302,7.995));
#3505=VECTOR('',#4318,1.0);
#3506=CARTESIAN_POINT('',(3.25,-3.725,7.995));
#3507=VECTOR('',#4319,1.0);
#3508=COLOUR_RGB('',0.752941191196442,0.752941191196442,0.752941191196442);
#3509=CARTESIAN_POINT('',(3.75,-4.1,7.62));
#3510=CARTESIAN_POINT('',(3.5,-3.85,7.97355339059327));
#3511=CARTESIAN_POINT('',(3.75,-4.1,7.62));
#3512=CARTESIAN_POINT('',(3.74961726765507,-4.1,7.62046874947657));
#3513=CARTESIAN_POINT('',(3.74915798943822,-4.09999887500516,7.62103124821097));
#3514=CARTESIAN_POINT('',(3.71693776485828,-4.09984102747052,7.66049292140596));
#3515=CARTESIAN_POINT('',(3.68232483690011,-4.09329204641475,7.70285468245727));
#3516=CARTESIAN_POINT('',(3.61701784603937,-4.06467808482758,7.78468984539329));
#3517=CARTESIAN_POINT('',(3.58634563963772,-4.04260410300006,7.8241775397749));
#3518=CARTESIAN_POINT('',(3.54521720000561,-3.99561766052182,7.88132384423107));
#3519=CARTESIAN_POINT('',(3.52923297587469,-3.97120756311304,7.90498452551954));
#3520=CARTESIAN_POINT('',(3.5065749772488,-3.91460347966051,7.94539956257308));
#3521=CARTESIAN_POINT('',(3.5,-3.88234432805267,7.96211794374379));
#3522=CARTESIAN_POINT('',(3.5,-3.85,7.97355339059327));
#3523=CARTESIAN_POINT('',(3.5,-3.85,7.26644660940673));
#3524=CARTESIAN_POINT('',(3.5,-3.85,7.12));
#3525=VECTOR('',#4320,1.0);
#3526=CARTESIAN_POINT('',(3.5,-3.85,7.26644660940673));
#3527=CARTESIAN_POINT('',(3.5,-3.88234432805267,7.27788205625621));
#3528=CARTESIAN_POINT('',(3.5065749772488,-3.91460347966051,7.29460043742692));
#3529=CARTESIAN_POINT('',(3.52923297587469,-3.97120756311304,7.33501547448046));
#3530=CARTESIAN_POINT('',(3.54521720000561,-3.99561766052182,7.35867615576893));
#3531=CARTESIAN_POINT('',(3.58634563963772,-4.04260410300006,7.4158224602251));
#3532=CARTESIAN_POINT('',(3.61701784603937,-4.06467808482758,7.45531015460671));
#3533=CARTESIAN_POINT('',(3.68232483690011,-4.09329204641475,7.53714531754273));
#3534=CARTESIAN_POINT('',(3.71693776485828,-4.09984102747052,7.57950707859404));
#3535=CARTESIAN_POINT('',(3.74915798943822,-4.09999887500516,7.61896875178904));
#3536=CARTESIAN_POINT('',(3.74961726765507,-4.1,7.61953125052343));
#3537=CARTESIAN_POINT('',(3.75,-4.1,7.62));
#3538=COLOUR_RGB('',0.752941191196442,0.752941191196442,0.752941191196442);
#3539=CARTESIAN_POINT('',(4.0,-3.85,7.97355339059327));
#3540=CARTESIAN_POINT('',(4.0,-3.88234432805267,7.96211794374379));
#3541=CARTESIAN_POINT('',(3.9934250227512,-3.91460347966051,7.94539956257308));
#3542=CARTESIAN_POINT('',(3.97076702412531,-3.97120756311304,7.90498452551954));
#3543=CARTESIAN_POINT('',(3.95478279999439,-3.99561766052182,7.88132384423107));
#3544=CARTESIAN_POINT('',(3.91365436036228,-4.04260410300006,7.8241775397749));
#3545=CARTESIAN_POINT('',(3.88298215396063,-4.06467808482758,7.78468984539329));
#3546=CARTESIAN_POINT('',(3.81767516309989,-4.09329204641475,7.70285468245727));
#3547=CARTESIAN_POINT('',(3.78306223514172,-4.09984102747052,7.66049292140596));
#3548=CARTESIAN_POINT('',(3.75084201056178,-4.09999887500516,7.62103124821097));
#3549=CARTESIAN_POINT('',(3.75038273234493,-4.1,7.62046874947657));
#3550=CARTESIAN_POINT('',(3.75,-4.1,7.62));
#3551=CARTESIAN_POINT('',(3.75,-4.1,7.62));
#3552=CARTESIAN_POINT('',(3.75038273234493,-4.1,7.61953125052343));
#3553=CARTESIAN_POINT('',(3.75084201056178,-4.09999887500516,7.61896875178904));
#3554=CARTESIAN_POINT('',(3.78306223514172,-4.09984102747052,7.57950707859404));
#3555=CARTESIAN_POINT('',(3.81767516309989,-4.09329204641475,7.53714531754273));
#3556=CARTESIAN_POINT('',(3.88298215396063,-4.06467808482758,7.45531015460671));
#3557=CARTESIAN_POINT('',(3.91365436036228,-4.04260410300006,7.4158224602251));
#3558=CARTESIAN_POINT('',(3.95478279999439,-3.99561766052182,7.35867615576893));
#3559=CARTESIAN_POINT('',(3.97076702412531,-3.97120756311304,7.33501547448046));
#3560=CARTESIAN_POINT('',(3.9934250227512,-3.91460347966051,7.29460043742692));
#3561=CARTESIAN_POINT('',(4.0,-3.88234432805267,7.27788205625621));
#3562=CARTESIAN_POINT('',(4.0,-3.85,7.26644660940673));
#3563=COLOUR_RGB('',0.752941191196442,0.752941191196442,0.752941191196442);
#3564=CARTESIAN_POINT('',(3.5,-3.725,7.245));
#3565=CARTESIAN_POINT('',(3.5,-1.58148853963302,7.245));
#3566=VECTOR('',#4321,1.0);
#3567=AXIS2_PLACEMENT_3D('',#4322,#4323,#4324);
#3568=AXIS2_PLACEMENT_3D('',#4325,#4326,#4327);
#3569=COLOUR_RGB('',0.752941191196442,0.752941191196442,0.752941191196442);
#3570=CARTESIAN_POINT('',(3.25,-3.725,7.245));
#3571=VECTOR('',#4328,1.0);
#3572=COLOUR_RGB('',0.752941191196442,0.752941191196442,0.752941191196442);
#3573=COLOUR_RGB('',0.752941191196442,0.752941191196442,0.752941191196442);
#3574=COLOUR_RGB('',0.454901963472366,0.686274528503418,0.498039215803146);
#3575=CARTESIAN_POINT('',(6.91147367097487,4.15,8.87));
#3576=CARTESIAN_POINT('',(3.90286841774372,4.15,8.87));
#3577=VECTOR('',#4329,1.0);
#3578=CARTESIAN_POINT('',(7.3,5.60000000000001,8.87));
#3579=CARTESIAN_POINT('',(6.38061659869702,2.16881443470179,8.87));
#3580=VECTOR('',#4330,1.0);
#3581=CARTESIAN_POINT('',(7.3,1.65,8.87));
#3582=CARTESIAN_POINT('',(7.3,-7.65378971138986E-17,8.87));
#3583=VECTOR('',#4331,1.0);
#3584=CARTESIAN_POINT('',(4.0,1.65,8.87));
#3585=VECTOR('',#4332,1.0);
#3586=COLOUR_RGB('',0.454901963472366,0.686274528503418,0.498039215803146);
#3587=CARTESIAN_POINT('',(4.0,1.65,8.87));
#3588=VECTOR('',#4333,1.0);
#3589=COLOUR_RGB('',0.454901963472366,0.686274528503418,0.498039215803146);
#3590=CARTESIAN_POINT('',(6.91147367097487,4.15,6.37));
#3591=CARTESIAN_POINT('',(3.90286841774372,4.15,6.37));
#3592=VECTOR('',#4334,1.0);
#3593=CARTESIAN_POINT('',(6.91147367097487,4.15,5.12));
#3594=VECTOR('',#4335,1.0);
#3595=COLOUR_RGB('',0.454901963472366,0.686274528503418,0.498039215803146);
#3596=CARTESIAN_POINT('',(7.3,1.65,6.37));
#3597=CARTESIAN_POINT('',(4.0,1.65,6.37));
#3598=VECTOR('',#4336,1.0);
#3599=CARTESIAN_POINT('',(7.3,5.60000000000001,6.37));
#3600=CARTESIAN_POINT('',(7.3,7.65378971138986E-17,6.37));
#3601=VECTOR('',#4337,1.0);
#3602=CARTESIAN_POINT('',(6.38061659869702,2.16881443470179,6.37));
#3603=VECTOR('',#4338,1.0);
#3604=COLOUR_RGB('',0.454901963472366,0.686274528503418,0.498039215803146);
#3605=CARTESIAN_POINT('',(1.0,0.5,6.245));
#3606=CARTESIAN_POINT('',(1.0,0.5,7.62));
#3607=VECTOR('',#4339,1.0);
#3608=CARTESIAN_POINT('',(7.3,0.5,6.245));
#3609=CARTESIAN_POINT('',(4.15,0.5,6.245));
#3610=VECTOR('',#4340,1.0);
#3611=CARTESIAN_POINT('',(7.3,0.5,8.995));
#3612=CARTESIAN_POINT('',(7.3,0.5,7.62));
#3613=VECTOR('',#4341,1.0);
#3614=CARTESIAN_POINT('',(1.0,0.5,8.995));
#3615=CARTESIAN_POINT('',(4.15,0.5,8.995));
#3616=VECTOR('',#4342,1.0);
#3617=CARTESIAN_POINT('',(1.0,0.5,7.62));
#3618=VECTOR('',#4343,1.0);
#3619=COLOUR_RGB('',0.752941191196442,0.752941191196442,0.752941191196442);
#3620=CARTESIAN_POINT('',(6.81,1.65,1.29));
#3621=CARTESIAN_POINT('',(6.81,4.05,1.29));
#3622=CARTESIAN_POINT('',(6.81,1.56904761904762,1.29));
#3623=VECTOR('',#4344,1.0);
#3624=CARTESIAN_POINT('',(6.81,1.65,1.64));
#3625=CARTESIAN_POINT('',(6.81,1.65,1.29));
#3626=VECTOR('',#4345,1.0);
#3627=CARTESIAN_POINT('',(6.81,1.75,1.64));
#3628=CARTESIAN_POINT('',(6.81,1.75,1.64));
#3629=VECTOR('',#4346,1.0);
#3630=CARTESIAN_POINT('',(6.81,1.75,1.39));
#3631=CARTESIAN_POINT('',(6.81,1.75,1.39));
#3632=VECTOR('',#4347,1.0);
#3633=CARTESIAN_POINT('',(6.81,4.05,1.39));
#3634=CARTESIAN_POINT('',(6.81,4.05,1.39));
#3635=VECTOR('',#4348,1.0);
#3636=CARTESIAN_POINT('',(6.81,4.05,1.865));
#3637=VECTOR('',#4349,1.0);
#3638=COLOUR_RGB('',0.752941191196442,0.752941191196442,0.752941191196442);
#3639=CARTESIAN_POINT('',(6.91,1.65,1.64));
#3640=CARTESIAN_POINT('',(5.63,1.65,1.64));
#3641=VECTOR('',#4350,1.0);
#3642=CARTESIAN_POINT('',(6.91,1.75,1.64));
#3643=CARTESIAN_POINT('',(6.91,1.75,1.64));
#3644=VECTOR('',#4351,1.0);
#3645=CARTESIAN_POINT('',(6.91,1.75,1.64));
#3646=VECTOR('',#4352,1.0);
#3647=COLOUR_RGB('',0.752941191196442,0.752941191196442,0.752941191196442);
#3648=CARTESIAN_POINT('',(1.5,0.5,1.19));
#3649=CARTESIAN_POINT('',(1.0,0.5,1.19));
#3650=CARTESIAN_POINT('',(3.53320194212808,0.5,1.19));
#3651=VECTOR('',#4353,1.0);
#3652=CARTESIAN_POINT('',(1.5,0.0,1.19));
#3653=CARTESIAN_POINT('',(1.5,0.75,1.19));
#3654=VECTOR('',#4354,1.0);
#3655=AXIS2_PLACEMENT_3D('',#4355,#4356,#4357);
#3656=COLOUR_RGB('',0.752941191196442,0.752941191196442,0.752941191196442);
#3657=CARTESIAN_POINT('',(1.5,0.5,1.865));
#3658=CARTESIAN_POINT('',(1.5,0.5,1.865));
#3659=VECTOR('',#4358,1.0);
#3660=CARTESIAN_POINT('',(1.5,0.0,1.865));
#3661=CARTESIAN_POINT('',(1.5,0.25,1.865));
#3662=VECTOR('',#4359,1.0);
#3663=CARTESIAN_POINT('',(1.5,0.0,1.19));
#3664=VECTOR('',#4360,1.0);
#3665=COLOUR_RGB('',0.752941191196442,0.752941191196442,0.752941191196442);
#3666=CARTESIAN_POINT('',(1.5,0.5,3.89));
#3667=CARTESIAN_POINT('',(1.5,0.5,3.215));
#3668=CARTESIAN_POINT('',(1.5,0.5,1.865));
#3669=VECTOR('',#4361,1.0);
#3670=CARTESIAN_POINT('',(1.5,0.0,3.89));
#3671=CARTESIAN_POINT('',(1.5,2.0,3.89));
#3672=VECTOR('',#4362,1.0);
#3673=CARTESIAN_POINT('',(1.5,-5.55111512312578E-17,3.215));
#3674=CARTESIAN_POINT('',(1.5,0.0,1.19));
#3675=VECTOR('',#4363,1.0);
#3676=CARTESIAN_POINT('',(1.5,0.25,3.215));
#3677=VECTOR('',#4364,1.0);
#3678=COLOUR_RGB('',0.752941191196442,0.752941191196442,0.752941191196442);
#3679=CARTESIAN_POINT('',(1.5,1.65,3.79));
#3680=CARTESIAN_POINT('',(1.5,4.05,3.79));
#3681=CARTESIAN_POINT('',(1.5,0.6875,3.79));
#3682=VECTOR('',#4365,1.0);
#3683=CARTESIAN_POINT('',(1.5,1.65,1.29));
#3684=CARTESIAN_POINT('',(1.5,1.65,0.615));
#3685=VECTOR('',#4366,1.0);
#3686=CARTESIAN_POINT('',(1.5,4.05,1.29));
#3687=CARTESIAN_POINT('',(1.5,0.6875,1.29));
#3688=VECTOR('',#4367,1.0);
#3689=CARTESIAN_POINT('',(1.5,4.05,1.19));
#3690=VECTOR('',#4368,1.0);
#3691=COLOUR_RGB('',0.752941191196442,0.752941191196442,0.752941191196442);
#3692=CARTESIAN_POINT('',(3.75,0.5,1.865));
#3693=CARTESIAN_POINT('',(3.575,0.5,1.865));
#3694=VECTOR('',#4369,1.0);
#3695=CARTESIAN_POINT('',(4.0,0.25,1.865));
#3696=AXIS2_PLACEMENT_3D('',#4370,#4371,#4372);
#3697=CARTESIAN_POINT('',(4.0,0.0,1.865));
#3698=CARTESIAN_POINT('',(4.0,0.1875,1.865));
#3699=VECTOR('',#4373,1.0);
#3700=CARTESIAN_POINT('',(2.875,0.0,1.865));
#3701=VECTOR('',#4374,1.0);
#3702=COLOUR_RGB('',0.752941191196442,0.752941191196442,0.752941191196442);
#3703=CARTESIAN_POINT('',(6.81,4.05,3.79));
#3704=CARTESIAN_POINT('',(6.81,1.65,3.79));
#3705=CARTESIAN_POINT('',(6.81,1.56904761904762,3.79));
#3706=VECTOR('',#4375,1.0);
#3707=CARTESIAN_POINT('',(6.81,4.05,3.69));
#3708=CARTESIAN_POINT('',(6.81,4.05,1.865));
#3709=VECTOR('',#4376,1.0);
#3710=CARTESIAN_POINT('',(6.81,1.75,3.69));
#3711=CARTESIAN_POINT('',(6.81,1.75,3.69));
#3712=VECTOR('',#4377,1.0);
#3713=CARTESIAN_POINT('',(6.81,1.75,3.44));
#3714=CARTESIAN_POINT('',(6.81,1.75,3.69));
#3715=VECTOR('',#4378,1.0);
#3716=CARTESIAN_POINT('',(6.81,1.65,3.44));
#3717=CARTESIAN_POINT('',(6.81,1.75,3.44));
#3718=VECTOR('',#4379,1.0);
#3719=CARTESIAN_POINT('',(6.81,1.65,1.29));
#3720=VECTOR('',#4380,1.0);
#3721=COLOUR_RGB('',0.752941191196442,0.752941191196442,0.752941191196442);
#3722=CARTESIAN_POINT('',(6.91,1.65,3.44));
#3723=CARTESIAN_POINT('',(5.63,1.65,3.44));
#3724=VECTOR('',#4381,1.0);
#3725=CARTESIAN_POINT('',(6.91,1.75,3.44));
#3726=CARTESIAN_POINT('',(6.91,1.75,3.44));
#3727=VECTOR('',#4382,1.0);
#3728=CARTESIAN_POINT('',(6.91,1.75,3.44));
#3729=VECTOR('',#4383,1.0);
#3730=COLOUR_RGB('',0.752941191196442,0.752941191196442,0.752941191196442);
#3731=CARTESIAN_POINT('',(6.91,1.75,3.69));
#3732=CARTESIAN_POINT('',(6.91,1.75,3.69));
#3733=VECTOR('',#4384,1.0);
#3734=CARTESIAN_POINT('',(6.91,1.75,3.69));
#3735=VECTOR('',#4385,1.0);
#3736=COLOUR_RGB('',0.752941191196442,0.752941191196442,0.752941191196442);
#3737=CARTESIAN_POINT('',(6.91,4.05,3.69));
#3738=CARTESIAN_POINT('',(5.555,4.05,3.69));
#3739=VECTOR('',#4386,1.0);
#3740=CARTESIAN_POINT('',(6.91,1.75,3.69));
#3741=VECTOR('',#4387,1.0);
#3742=COLOUR_RGB('',0.752941191196442,0.752941191196442,0.752941191196442);
#3743=CARTESIAN_POINT('',(6.91,1.75,1.39));
#3744=CARTESIAN_POINT('',(6.91,1.75,1.39));
#3745=VECTOR('',#4388,1.0);
#3746=CARTESIAN_POINT('',(6.91,4.05,1.39));
#3747=CARTESIAN_POINT('',(6.91,4.05,1.39));
#3748=VECTOR('',#4389,1.0);
#3749=CARTESIAN_POINT('',(5.555,4.05,1.39));
#3750=VECTOR('',#4390,1.0);
#3751=COLOUR_RGB('',0.752941191196442,0.752941191196442,0.752941191196442);
#3752=CARTESIAN_POINT('',(6.91,1.75,1.39));
#3753=VECTOR('',#4391,1.0);
#3754=COLOUR_RGB('',0.752941191196442,0.752941191196442,0.752941191196442);
#3755=CARTESIAN_POINT('',(6.91,1.65,3.79));
#3756=CARTESIAN_POINT('',(6.91,1.65,1.29));
#3757=VECTOR('',#4392,1.0);
#3758=CARTESIAN_POINT('',(6.91,4.05,3.69));
#3759=VECTOR('',#4393,1.0);
#3760=CARTESIAN_POINT('',(6.91,1.65,1.29));
#3761=CARTESIAN_POINT('',(6.91,1.65,1.29));
#3762=VECTOR('',#4394,1.0);
#3763=CARTESIAN_POINT('',(6.91,4.15,1.29));
#3764=CARTESIAN_POINT('',(6.91,1.56904761904762,1.29));
#3765=VECTOR('',#4395,1.0);
#3766=CARTESIAN_POINT('',(6.91,4.15,3.79));
#3767=CARTESIAN_POINT('',(6.91,4.15,1.29));
#3768=VECTOR('',#4396,1.0);
#3769=CARTESIAN_POINT('',(6.91,1.56904761904762,3.79));
#3770=VECTOR('',#4397,1.0);
#3771=COLOUR_RGB('',0.752941191196442,0.752941191196442,0.752941191196442);
#3772=CARTESIAN_POINT('',(3.925,4.05,3.79));
#3773=VECTOR('',#4398,1.0);
#3774=CARTESIAN_POINT('',(3.925,4.05,1.29));
#3775=VECTOR('',#4399,1.0);
#3776=COLOUR_RGB('',0.752941191196442,0.752941191196442,0.752941191196442);
#3777=CARTESIAN_POINT('',(1.0,0.5,3.89));
#3778=CARTESIAN_POINT('',(3.53320194212808,0.5,3.89));
#3779=VECTOR('',#4400,1.0);
#3780=AXIS2_PLACEMENT_3D('',#4401,#4402,#4403);
#3781=COLOUR_RGB('',0.752941191196442,0.752941191196442,0.752941191196442);
#3782=CARTESIAN_POINT('',(3.5,0.0,2.165));
#3783=CARTESIAN_POINT('',(4.0,0.0,2.165));
#3784=CARTESIAN_POINT('',(3.0,0.0,2.165));
#3785=VECTOR('',#4404,1.0);
#3786=CARTESIAN_POINT('',(3.5,0.0,2.915));
#3787=CARTESIAN_POINT('',(3.5,0.0,1.615));
#3788=VECTOR('',#4405,1.0);
#3789=CARTESIAN_POINT('',(4.0,0.0,2.915));
#3790=CARTESIAN_POINT('',(3.0,0.0,2.915));
#3791=VECTOR('',#4406,1.0);
#3792=CARTESIAN_POINT('',(4.0,0.0,3.215));
#3793=CARTESIAN_POINT('',(4.0,0.0,1.19));
#3794=VECTOR('',#4407,1.0);
#3795=CARTESIAN_POINT('',(2.875,0.0,3.215));
#3796=VECTOR('',#4408,1.0);
#3797=CARTESIAN_POINT('',(1.5,0.0,1.19));
#3798=VECTOR('',#4409,1.0);
#3799=CARTESIAN_POINT('',(4.0,0.0,1.19));
#3800=VECTOR('',#4410,1.0);
#3801=COLOUR_RGB('',0.752941191196442,0.752941191196442,0.752941191196442);
#3802=CARTESIAN_POINT('',(3.75,0.5,3.215));
#3803=CARTESIAN_POINT('',(3.75,0.5,2.54));
#3804=VECTOR('',#4411,1.0);
#3805=CARTESIAN_POINT('',(4.0,0.25,3.215));
#3806=AXIS2_PLACEMENT_3D('',#4412,#4413,#4414);
#3807=CARTESIAN_POINT('',(4.0,0.25,1.19));
#3808=VECTOR('',#4415,1.0);
#3809=COLOUR_RGB('',0.752941191196442,0.752941191196442,0.752941191196442);
#3810=CARTESIAN_POINT('',(3.575,0.5,3.215));
#3811=VECTOR('',#4416,1.0);
#3812=CARTESIAN_POINT('',(4.0,0.1875,3.215));
#3813=VECTOR('',#4417,1.0);
#3814=COLOUR_RGB('',0.752941191196442,0.752941191196442,0.752941191196442);
#3815=CARTESIAN_POINT('',(1.0,0.5,2.54));
#3816=VECTOR('',#4418,1.0);
#3817=COLOUR_RGB('',0.752941191196442,0.752941191196442,0.752941191196442);
#3818=CARTESIAN_POINT('',(4.0,-3.725,2.165));
#3819=CARTESIAN_POINT('',(4.0,-1.58148853963302,2.165));
#3820=VECTOR('',#4419,1.0);
#3821=CARTESIAN_POINT('',(4.0,-3.725,2.915));
#3822=CARTESIAN_POINT('',(4.0,-1.58148853963302,2.915));
#3823=VECTOR('',#4420,1.0);
#3824=CARTESIAN_POINT('',(4.0,-3.85,2.89355339059327));
#3825=AXIS2_PLACEMENT_3D('',#4421,#4422,#4423);
#3826=CARTESIAN_POINT('',(4.0,-3.85,2.18644660940673));
#3827=CARTESIAN_POINT('',(4.0,-3.85,2.04));
#3828=VECTOR('',#4424,1.0);
#3829=AXIS2_PLACEMENT_3D('',#4425,#4426,#4427);
#3830=COLOUR_RGB('',0.752941191196442,0.752941191196442,0.752941191196442);
#3831=CARTESIAN_POINT('',(3.5,-3.725,2.915));
#3832=CARTESIAN_POINT('',(3.5,-1.58148853963302,2.915));
#3833=VECTOR('',#4428,1.0);
#3834=CARTESIAN_POINT('',(3.25,-3.725,2.915));
#3835=VECTOR('',#4429,1.0);
#3836=COLOUR_RGB('',0.752941191196442,0.752941191196442,0.752941191196442);
#3837=CARTESIAN_POINT('',(3.75,-4.1,2.54));
#3838=CARTESIAN_POINT('',(3.5,-3.85,2.89355339059327));
#3839=CARTESIAN_POINT('',(3.75,-4.1,2.54));
#3840=CARTESIAN_POINT('',(3.74961726765507,-4.1,2.54046874947657));
#3841=CARTESIAN_POINT('',(3.74915798943822,-4.09999887500516,2.54103124821096));
#3842=CARTESIAN_POINT('',(3.71693776485828,-4.09984102747052,2.58049292140596));
#3843=CARTESIAN_POINT('',(3.68232483690011,-4.09329204641475,2.62285468245727));
#3844=CARTESIAN_POINT('',(3.61701784603937,-4.06467808482758,2.70468984539329));
#3845=CARTESIAN_POINT('',(3.58634563963772,-4.04260410300006,2.7441775397749));
#3846=CARTESIAN_POINT('',(3.54521720000561,-3.99561766052182,2.80132384423107));
#3847=CARTESIAN_POINT('',(3.52923297587469,-3.97120756311304,2.82498452551954));
#3848=CARTESIAN_POINT('',(3.5065749772488,-3.91460347966051,2.86539956257308));
#3849=CARTESIAN_POINT('',(3.5,-3.88234432805267,2.88211794374379));
#3850=CARTESIAN_POINT('',(3.5,-3.85,2.89355339059327));
#3851=CARTESIAN_POINT('',(3.5,-3.85,2.18644660940673));
#3852=CARTESIAN_POINT('',(3.5,-3.85,2.04));
#3853=VECTOR('',#4430,1.0);
#3854=CARTESIAN_POINT('',(3.5,-3.85,2.18644660940673));
#3855=CARTESIAN_POINT('',(3.5,-3.88234432805267,2.19788205625621));
#3856=CARTESIAN_POINT('',(3.5065749772488,-3.91460347966051,2.21460043742692));
#3857=CARTESIAN_POINT('',(3.52923297587469,-3.97120756311304,2.25501547448046));
#3858=CARTESIAN_POINT('',(3.54521720000561,-3.99561766052182,2.27867615576893));
#3859=CARTESIAN_POINT('',(3.58634563963772,-4.04260410300006,2.3358224602251));
#3860=CARTESIAN_POINT('',(3.61701784603937,-4.06467808482758,2.37531015460671));
#3861=CARTESIAN_POINT('',(3.68232483690011,-4.09329204641475,2.45714531754273));
#3862=CARTESIAN_POINT('',(3.71693776485828,-4.09984102747052,2.49950707859404));
#3863=CARTESIAN_POINT('',(3.74915798943822,-4.09999887500516,2.53896875178904));
#3864=CARTESIAN_POINT('',(3.74961726765507,-4.1,2.53953125052343));
#3865=CARTESIAN_POINT('',(3.75,-4.1,2.54));
#3866=COLOUR_RGB('',0.752941191196442,0.752941191196442,0.752941191196442);
#3867=CARTESIAN_POINT('',(4.0,-3.85,2.89355339059327));
#3868=CARTESIAN_POINT('',(4.0,-3.88234432805267,2.88211794374379));
#3869=CARTESIAN_POINT('',(3.9934250227512,-3.91460347966051,2.86539956257308));
#3870=CARTESIAN_POINT('',(3.97076702412531,-3.97120756311304,2.82498452551954));
#3871=CARTESIAN_POINT('',(3.95478279999439,-3.99561766052182,2.80132384423107));
#3872=CARTESIAN_POINT('',(3.91365436036228,-4.04260410300006,2.7441775397749));
#3873=CARTESIAN_POINT('',(3.88298215396063,-4.06467808482758,2.70468984539329));
#3874=CARTESIAN_POINT('',(3.81767516309989,-4.09329204641475,2.62285468245727));
#3875=CARTESIAN_POINT('',(3.78306223514172,-4.09984102747052,2.58049292140596));
#3876=CARTESIAN_POINT('',(3.75084201056178,-4.09999887500516,2.54103124821096));
#3877=CARTESIAN_POINT('',(3.75038273234493,-4.1,2.54046874947657));
#3878=CARTESIAN_POINT('',(3.75,-4.1,2.54));
#3879=CARTESIAN_POINT('',(3.75,-4.1,2.54));
#3880=CARTESIAN_POINT('',(3.75038273234493,-4.1,2.53953125052343));
#3881=CARTESIAN_POINT('',(3.75084201056178,-4.09999887500516,2.53896875178904));
#3882=CARTESIAN_POINT('',(3.78306223514172,-4.09984102747052,2.49950707859404));
#3883=CARTESIAN_POINT('',(3.81767516309989,-4.09329204641475,2.45714531754273));
#3884=CARTESIAN_POINT('',(3.88298215396063,-4.06467808482758,2.37531015460671));
#3885=CARTESIAN_POINT('',(3.91365436036228,-4.04260410300006,2.3358224602251));
#3886=CARTESIAN_POINT('',(3.95478279999439,-3.99561766052182,2.27867615576893));
#3887=CARTESIAN_POINT('',(3.97076702412531,-3.97120756311304,2.25501547448046));
#3888=CARTESIAN_POINT('',(3.9934250227512,-3.91460347966051,2.21460043742692));
#3889=CARTESIAN_POINT('',(4.0,-3.88234432805267,2.19788205625621));
#3890=CARTESIAN_POINT('',(4.0,-3.85,2.18644660940673));
#3891=COLOUR_RGB('',0.752941191196442,0.752941191196442,0.752941191196442);
#3892=CARTESIAN_POINT('',(3.5,-3.725,2.165));
#3893=CARTESIAN_POINT('',(3.5,-1.58148853963302,2.165));
#3894=VECTOR('',#4431,1.0);
#3895=AXIS2_PLACEMENT_3D('',#4432,#4433,#4434);
#3896=AXIS2_PLACEMENT_3D('',#4435,#4436,#4437);
#3897=COLOUR_RGB('',0.752941191196442,0.752941191196442,0.752941191196442);
#3898=CARTESIAN_POINT('',(3.25,-3.725,2.165));
#3899=VECTOR('',#4438,1.0);
#3900=COLOUR_RGB('',0.752941191196442,0.752941191196442,0.752941191196442);
#3901=COLOUR_RGB('',0.752941191196442,0.752941191196442,0.752941191196442);
#3902=COLOUR_RGB('',0.454901963472366,0.686274528503418,0.498039215803146);
#3903=CARTESIAN_POINT('',(6.91147367097487,4.15,3.79));
#3904=CARTESIAN_POINT('',(3.90286841774372,4.15,3.79));
#3905=VECTOR('',#4439,1.0);
#3906=CARTESIAN_POINT('',(7.3,5.60000000000001,3.79));
#3907=CARTESIAN_POINT('',(6.38061659869702,2.16881443470179,3.79));
#3908=VECTOR('',#4440,1.0);
#3909=CARTESIAN_POINT('',(7.3,1.65,3.79));
#3910=CARTESIAN_POINT('',(7.3,-7.65378971138986E-17,3.79));
#3911=VECTOR('',#4441,1.0);
#3912=CARTESIAN_POINT('',(4.0,1.65,3.79));
#3913=VECTOR('',#4442,1.0);
#3914=COLOUR_RGB('',0.454901963472366,0.686274528503418,0.498039215803146);
#3915=CARTESIAN_POINT('',(4.0,1.65,3.79));
#3916=VECTOR('',#4443,1.0);
#3917=COLOUR_RGB('',0.454901963472366,0.686274528503418,0.498039215803146);
#3918=CARTESIAN_POINT('',(6.91147367097487,4.15,1.29));
#3919=CARTESIAN_POINT('',(3.90286841774372,4.15,1.29));
#3920=VECTOR('',#4444,1.0);
#3921=CARTESIAN_POINT('',(6.91147367097487,4.15,0.04));
#3922=VECTOR('',#4445,1.0);
#3923=COLOUR_RGB('',0.454901963472366,0.686274528503418,0.498039215803146);
#3924=CARTESIAN_POINT('',(7.3,1.65,1.29));
#3925=CARTESIAN_POINT('',(4.0,1.65,1.29));
#3926=VECTOR('',#4446,1.0);
#3927=CARTESIAN_POINT('',(7.3,5.60000000000001,1.29));
#3928=CARTESIAN_POINT('',(7.3,7.65378971138986E-17,1.29));
#3929=VECTOR('',#4447,1.0);
#3930=CARTESIAN_POINT('',(6.38061659869702,2.16881443470179,1.29));
#3931=VECTOR('',#4448,1.0);
#3932=COLOUR_RGB('',0.454901963472366,0.686274528503418,0.498039215803146);
#3933=CARTESIAN_POINT('',(1.0,0.5,1.165));
#3934=CARTESIAN_POINT('',(1.0,0.5,2.54));
#3935=VECTOR('',#4449,1.0);
#3936=CARTESIAN_POINT('',(7.3,0.5,1.165));
#3937=CARTESIAN_POINT('',(4.15,0.5,1.165));
#3938=VECTOR('',#4450,1.0);
#3939=CARTESIAN_POINT('',(7.3,0.5,3.915));
#3940=CARTESIAN_POINT('',(7.3,0.5,2.54));
#3941=VECTOR('',#4451,1.0);
#3942=CARTESIAN_POINT('',(1.0,0.5,3.915));
#3943=CARTESIAN_POINT('',(4.15,0.5,3.915));
#3944=VECTOR('',#4452,1.0);
#3945=CARTESIAN_POINT('',(1.0,0.5,2.54));
#3946=VECTOR('',#4453,1.0);
#3947=COLOUR_RGB('',0.752941191196442,0.752941191196442,0.752941191196442);
#3948=CARTESIAN_POINT('',(6.14608992783391,8.85,7.745));
#3949=AXIS2_PLACEMENT_3D('',#4454,#4455,#4456);
#3950=CARTESIAN_POINT('',(6.14608992783391,9.1,7.745));
#3951=CARTESIAN_POINT('',(6.14608992783391,8.975,7.745));
#3952=VECTOR('',#4457,1.0);
#3953=CARTESIAN_POINT('',(2.15391007216609,9.1,7.745));
#3954=AXIS2_PLACEMENT_3D('',#4458,#4459,#4460);
#3955=CARTESIAN_POINT('',(2.15391007216609,8.85,7.745));
#3956=CARTESIAN_POINT('',(2.15391007216609,8.975,7.745));
#3957=VECTOR('',#4461,1.0);
#3958=AXIS2_PLACEMENT_3D('',#4462,#4463,#4464);
#3959=AXIS2_PLACEMENT_3D('',#4465,#4466,#4467);
#3960=COLOUR_RGB('',0.752941191196442,0.752941191196442,0.752941191196442);
#3961=CARTESIAN_POINT('',(4.15,8.85,7.495));
#3962=VECTOR('',#4468,1.0);
#3963=CARTESIAN_POINT('',(4.15,9.1,7.495));
#3964=VECTOR('',#4469,1.0);
#3965=COLOUR_RGB('',0.752941191196442,0.752941191196442,0.752941191196442);
#3966=CARTESIAN_POINT('',(4.15,8.85,7.745));
#3967=VECTOR('',#4470,1.0);
#3968=COLOUR_RGB('',0.752941191196442,0.752941191196442,0.752941191196442);
#3969=CARTESIAN_POINT('',(4.15,9.1,7.745));
#3970=VECTOR('',#4471,1.0);
#3971=COLOUR_RGB('',0.752941191196442,0.752941191196442,0.752941191196442);
#3972=COLOUR_RGB('',0.752941191196442,0.752941191196442,0.752941191196442);
#3973=COLOUR_RGB('',0.752941191196442,0.752941191196442,0.752941191196442);
#3974=CARTESIAN_POINT('',(6.14608992783391,8.85,2.665));
#3975=AXIS2_PLACEMENT_3D('',#4472,#4473,#4474);
#3976=CARTESIAN_POINT('',(6.14608992783391,9.1,2.665));
#3977=CARTESIAN_POINT('',(6.14608992783391,8.975,2.665));
#3978=VECTOR('',#4475,1.0);
#3979=CARTESIAN_POINT('',(2.15391007216609,9.1,2.665));
#3980=AXIS2_PLACEMENT_3D('',#4476,#4477,#4478);
#3981=CARTESIAN_POINT('',(2.15391007216609,8.85,2.665));
#3982=CARTESIAN_POINT('',(2.15391007216609,8.975,2.665));
#3983=VECTOR('',#4479,1.0);
#3984=AXIS2_PLACEMENT_3D('',#4480,#4481,#4482);
#3985=AXIS2_PLACEMENT_3D('',#4483,#4484,#4485);
#3986=COLOUR_RGB('',0.752941191196442,0.752941191196442,0.752941191196442);
#3987=CARTESIAN_POINT('',(4.15,8.85,2.415));
#3988=VECTOR('',#4486,1.0);
#3989=CARTESIAN_POINT('',(4.15,9.1,2.415));
#3990=VECTOR('',#4487,1.0);
#3991=COLOUR_RGB('',0.752941191196442,0.752941191196442,0.752941191196442);
#3992=CARTESIAN_POINT('',(4.15,8.85,2.665));
#3993=VECTOR('',#4488,1.0);
#3994=COLOUR_RGB('',0.752941191196442,0.752941191196442,0.752941191196442);
#3995=CARTESIAN_POINT('',(4.15,9.1,2.665));
#3996=VECTOR('',#4489,1.0);
#3997=COLOUR_RGB('',0.752941191196442,0.752941191196442,0.752941191196442);
#3998=COLOUR_RGB('',0.752941191196442,0.752941191196442,0.752941191196442);
#3999=COLOUR_RGB('',0.454901963472366,0.686274528503418,0.498039215803146);
#4000=CARTESIAN_POINT('',(1.0,0.0,8.995));
#4001=CARTESIAN_POINT('',(7.3,0.0,8.995));
#4002=CARTESIAN_POINT('',(4.15,0.0,8.995));
#4003=VECTOR('',#4490,1.0);
#4004=CARTESIAN_POINT('',(1.0,-0.25,8.995));
#4005=VECTOR('',#4491,1.0);
#4006=CARTESIAN_POINT('',(7.3,-0.25,8.995));
#4007=VECTOR('',#4492,1.0);
#4008=COLOUR_RGB('',0.454901963472366,0.686274528503418,0.498039215803146);
#4009=CARTESIAN_POINT('',(7.3,0.0,6.245));
#4010=CARTESIAN_POINT('',(7.3,0.0,3.81));
#4011=VECTOR('',#4493,1.0);
#4012=CARTESIAN_POINT('',(7.3,-0.25,6.245));
#4013=VECTOR('',#4494,1.0);
#4014=COLOUR_RGB('',0.454901963472366,0.686274528503418,0.498039215803146);
#4015=CARTESIAN_POINT('',(1.0,0.0,6.245));
#4016=CARTESIAN_POINT('',(4.15,0.0,6.245));
#4017=VECTOR('',#4495,1.0);
#4018=CARTESIAN_POINT('',(1.0,-0.25,6.245));
#4019=VECTOR('',#4496,1.0);
#4020=COLOUR_RGB('',0.454901963472366,0.686274528503418,0.498039215803146);
#4021=CARTESIAN_POINT('',(1.0,0.0,3.81));
#4022=VECTOR('',#4497,1.0);
#4023=COLOUR_RGB('',0.454901963472366,0.686274528503418,0.498039215803146);
#4024=CARTESIAN_POINT('',(1.0,0.0,3.915));
#4025=CARTESIAN_POINT('',(7.3,0.0,3.915));
#4026=CARTESIAN_POINT('',(4.15,0.0,3.915));
#4027=VECTOR('',#4498,1.0);
#4028=CARTESIAN_POINT('',(1.0,-0.25,3.915));
#4029=VECTOR('',#4499,1.0);
#4030=CARTESIAN_POINT('',(7.3,-0.25,3.915));
#4031=VECTOR('',#4500,1.0);
#4032=COLOUR_RGB('',0.454901963472366,0.686274528503418,0.498039215803146);
#4033=CARTESIAN_POINT('',(7.3,0.0,1.165));
#4034=CARTESIAN_POINT('',(7.3,0.0,1.27));
#4035=VECTOR('',#4501,1.0);
#4036=CARTESIAN_POINT('',(7.3,-0.25,1.165));
#4037=VECTOR('',#4502,1.0);
#4038=COLOUR_RGB('',0.454901963472366,0.686274528503418,0.498039215803146);
#4039=CARTESIAN_POINT('',(1.0,0.0,1.165));
#4040=CARTESIAN_POINT('',(4.15,0.0,1.165));
#4041=VECTOR('',#4503,1.0);
#4042=CARTESIAN_POINT('',(1.0,-0.25,1.165));
#4043=VECTOR('',#4504,1.0);
#4044=COLOUR_RGB('',0.454901963472366,0.686274528503418,0.498039215803146);
#4045=CARTESIAN_POINT('',(1.0,0.0,1.27));
#4046=VECTOR('',#4505,1.0);
#4047=COLOUR_RGB('',0.454901963472366,0.686274528503418,0.498039215803146);
#4048=CARTESIAN_POINT('',(8.3,1.38205080756888,9.13794919243112));
#4049=CARTESIAN_POINT('',(7.52258934143001,1.59035736572005,8.92964263427995));
#4050=VECTOR('',#4506,1.0);
#4051=CARTESIAN_POINT('',(8.3,5.6,9.13794919243112));
#4052=CARTESIAN_POINT('',(7.54775635094611,5.6,8.93638611415569));
#4053=VECTOR('',#4507,1.0);
#4054=CARTESIAN_POINT('',(8.3,1.4875,9.13794919243112));
#4055=VECTOR('',#4508,1.0);
#4056=COLOUR_RGB('',0.454901963472366,0.686274528503418,0.498039215803146);
#4057=CARTESIAN_POINT('',(4.0,1.65,6.37));
#4058=VECTOR('',#4509,1.0);
#4059=COLOUR_RGB('',0.454901963472366,0.686274528503418,0.498039215803146);
#4060=CARTESIAN_POINT('',(8.3,5.6,6.10205080756888));
#4061=CARTESIAN_POINT('',(8.17275635094611,5.6,6.13614564057486));
#4062=VECTOR('',#4510,1.0);
#4063=CARTESIAN_POINT('',(8.3,1.38205080756888,6.10205080756888));
#4064=CARTESIAN_POINT('',(8.10835076624584,1.43340306498335,6.15340306498335));
#4065=VECTOR('',#4511,1.0);
#4066=CARTESIAN_POINT('',(8.3,1.4875,6.10205080756888));
#4067=VECTOR('',#4512,1.0);
#4068=COLOUR_RGB('',0.454901963472366,0.686274528503418,0.498039215803146);
#4069=CARTESIAN_POINT('',(7.3,1.65,5.12));
#4070=VECTOR('',#4513,1.0);
#4071=COLOUR_RGB('',0.454901963472366,0.686274528503418,0.498039215803146);
#4072=CARTESIAN_POINT('',(7.3,5.6,5.12));
#4073=VECTOR('',#4514,1.0);
#4074=COLOUR_RGB('',0.454901963472366,0.686274528503418,0.498039215803146);
#4075=CARTESIAN_POINT('',(8.3,5.6,2.56));
#4076=VECTOR('',#4515,1.0);
#4077=COLOUR_RGB('',0.454901963472366,0.686274528503418,0.498039215803146);
#4078=CARTESIAN_POINT('',(8.3,1.38205080756888,2.56));
#4079=VECTOR('',#4516,1.0);
#4080=COLOUR_RGB('',0.454901963472366,0.686274528503418,0.498039215803146);
#4081=CARTESIAN_POINT('',(8.3,1.38205080756888,4.05794919243112));
#4082=CARTESIAN_POINT('',(7.52258934143001,1.59035736572005,3.84964263427995));
#4083=VECTOR('',#4517,1.0);
#4084=CARTESIAN_POINT('',(8.3,5.6,4.05794919243112));
#4085=CARTESIAN_POINT('',(7.54775635094611,5.6,3.85638611415569));
#4086=VECTOR('',#4518,1.0);
#4087=CARTESIAN_POINT('',(8.3,1.4875,4.05794919243112));
#4088=VECTOR('',#4519,1.0);
#4089=COLOUR_RGB('',0.454901963472366,0.686274528503418,0.498039215803146);
#4090=CARTESIAN_POINT('',(4.0,1.65,1.29));
#4091=VECTOR('',#4520,1.0);
#4092=COLOUR_RGB('',0.454901963472366,0.686274528503418,0.498039215803146);
#4093=CARTESIAN_POINT('',(8.3,5.6,1.02205080756888));
#4094=CARTESIAN_POINT('',(8.17275635094611,5.6,1.05614564057486));
#4095=VECTOR('',#4521,1.0);
#4096=CARTESIAN_POINT('',(8.3,1.38205080756888,1.02205080756888));
#4097=CARTESIAN_POINT('',(8.10835076624584,1.43340306498335,1.07340306498335));
#4098=VECTOR('',#4522,1.0);
#4099=CARTESIAN_POINT('',(8.3,1.4875,1.02205080756888));
#4100=VECTOR('',#4523,1.0);
#4101=COLOUR_RGB('',0.454901963472366,0.686274528503418,0.498039215803146);
#4102=CARTESIAN_POINT('',(7.3,1.65,0.04));
#4103=VECTOR('',#4524,1.0);
#4104=COLOUR_RGB('',0.454901963472366,0.686274528503418,0.498039215803146);
#4105=CARTESIAN_POINT('',(7.3,5.6,0.04));
#4106=VECTOR('',#4525,1.0);
#4107=COLOUR_RGB('',0.454901963472366,0.686274528503418,0.498039215803146);
#4108=CARTESIAN_POINT('',(8.3,5.6,0.02));
#4109=VECTOR('',#4526,1.0);
#4110=COLOUR_RGB('',0.454901963472366,0.686274528503418,0.498039215803146);
#4111=CARTESIAN_POINT('',(8.3,1.38205080756888,0.02));
#4112=VECTOR('',#4527,1.0);
#4113=COLOUR_RGB('',0.454901963472366,0.686274528503418,0.498039215803146);
#4114=AXIS2_PLACEMENT_3D('',#4528,#4529,#4530);
#4115=AXIS2_PLACEMENT_3D('',#4531,#4532,#4533);
#4116=COLOUR_RGB('',0.454901963472366,0.686274528503418,0.498039215803146);
#4117=COLOUR_RGB('',0.454901963472366,0.686274528503418,0.498039215803146);
#4118=AXIS2_PLACEMENT_3D('',#4534,#4535,#4536);
#4119=AXIS2_PLACEMENT_3D('',#4537,#4538,#4539);
#4120=COLOUR_RGB('',0.454901963472366,0.686274528503418,0.498039215803146);
#4121=COLOUR_RGB('',0.454901963472366,0.686274528503418,0.498039215803146);
#4122=CARTESIAN_POINT('',(0.0,0.0,10.16));
#4123=CARTESIAN_POINT('',(1.66533453693773E-16,4.08397459621556,10.16));
#4124=CARTESIAN_POINT('',(0.0,0.0,10.16));
#4125=VECTOR('',#4540,1.0);
#4126=CARTESIAN_POINT('',(1.66533453693773E-16,4.08397459621556,0.0));
#4127=CARTESIAN_POINT('',(1.66533453693773E-16,4.08397459621556,0.0));
#4128=VECTOR('',#4541,1.0);
#4129=CARTESIAN_POINT('',(0.0,0.0,0.0));
#4130=CARTESIAN_POINT('',(0.0,0.0,0.0));
#4131=VECTOR('',#4542,1.0);
#4132=CARTESIAN_POINT('',(0.0,0.0,0.0));
#4133=VECTOR('',#4543,1.0);
#4134=COLOUR_RGB('',0.454901963472366,0.686274528503418,0.498039215803146);
#4135=CARTESIAN_POINT('',(1.61198914858916,10.1,10.16));
#4136=CARTESIAN_POINT('',(1.66533453693773E-16,4.08397459621556,10.16));
#4137=VECTOR('',#4544,1.0);
#4138=CARTESIAN_POINT('',(1.61198914858916,10.1,0.0));
#4139=CARTESIAN_POINT('',(1.61198914858916,10.1,0.0));
#4140=VECTOR('',#4545,1.0);
#4141=CARTESIAN_POINT('',(1.66533453693773E-16,4.08397459621556,0.0));
#4142=VECTOR('',#4546,1.0);
#4143=COLOUR_RGB('',0.454901963472366,0.686274528503418,0.498039215803146);
#4144=CARTESIAN_POINT('',(6.68801085141084,10.1,10.16));
#4145=CARTESIAN_POINT('',(1.61198914858916,10.1,10.16));
#4146=VECTOR('',#4547,1.0);
#4147=CARTESIAN_POINT('',(6.68801085141084,10.1,0.0));
#4148=CARTESIAN_POINT('',(6.68801085141084,10.1,0.0));
#4149=VECTOR('',#4548,1.0);
#4150=CARTESIAN_POINT('',(1.61198914858916,10.1,0.0));
#4151=VECTOR('',#4549,1.0);
#4152=COLOUR_RGB('',0.454901963472366,0.686274528503418,0.498039215803146);
#4153=CARTESIAN_POINT('',(7.8,5.95,10.16));
#4154=CARTESIAN_POINT('',(7.8,5.95,10.16));
#4155=VECTOR('',#4550,1.0);
#4156=CARTESIAN_POINT('',(7.8,5.95,0.0));
#4157=CARTESIAN_POINT('',(7.8,5.95,0.0));
#4158=VECTOR('',#4551,1.0);
#4159=CARTESIAN_POINT('',(7.8,5.95,0.0));
#4160=VECTOR('',#4552,1.0);
#4161=COLOUR_RGB('',0.454901963472366,0.686274528503418,0.498039215803146);
#4162=CARTESIAN_POINT('',(8.3,5.95,10.16));
#4163=CARTESIAN_POINT('',(8.3,5.95,10.16));
#4164=VECTOR('',#4553,1.0);
#4165=CARTESIAN_POINT('',(8.3,5.95,0.0));
#4166=CARTESIAN_POINT('',(8.3,5.95,0.0));
#4167=VECTOR('',#4554,1.0);
#4168=CARTESIAN_POINT('',(8.3,5.95,0.0));
#4169=VECTOR('',#4555,1.0);
#4170=COLOUR_RGB('',0.454901963472366,0.686274528503418,0.498039215803146);
#4171=CARTESIAN_POINT('',(8.3,0.0,10.16));
#4172=CARTESIAN_POINT('',(8.3,0.0,10.16));
#4173=VECTOR('',#4556,1.0);
#4174=CARTESIAN_POINT('',(8.3,0.0,0.0));
#4175=CARTESIAN_POINT('',(8.3,0.0,0.0));
#4176=VECTOR('',#4557,1.0);
#4177=CARTESIAN_POINT('',(8.3,0.0,0.0));
#4178=VECTOR('',#4558,1.0);
#4179=COLOUR_RGB('',0.454901963472366,0.686274528503418,0.498039215803146);
#4180=CARTESIAN_POINT('',(0.0,0.0,10.16));
#4181=VECTOR('',#4559,1.0);
#4182=CARTESIAN_POINT('',(0.0,0.0,0.0));
#4183=VECTOR('',#4560,1.0);
#4184=COLOUR_RGB('',0.454901963472366,0.686274528503418,0.498039215803146);
#4185=COLOUR_RGB('',0.454901963472366,0.686274528503418,0.498039215803146);
#4186=DIRECTION('',(-0.0,-1.0,-0.0));
#4187=CARTESIAN_POINT('',(4.15,10.1,2.54));
#4188=DIRECTION('',(3.49950599780297E-16,-1.0,-0.0));
#4189=DIRECTION('',(1.0,3.49950599780297E-16,0.0));
#4190=DIRECTION('',(-0.0,1.0,-0.0));
#4191=CARTESIAN_POINT('',(4.15,8.1,2.54));
#4192=DIRECTION('',(0.0,-1.0,0.0));
#4193=DIRECTION('',(1.0,0.0,0.0));
#4194=DIRECTION('',(-0.0,-1.0,-0.0));
#4195=CARTESIAN_POINT('',(4.15,10.1,7.62));
#4196=DIRECTION('',(3.49950599780297E-16,-1.0,-0.0));
#4197=DIRECTION('',(1.0,3.49950599780297E-16,0.0));
#4198=DIRECTION('',(-0.0,1.0,0.0));
#4199=CARTESIAN_POINT('',(4.15,8.1,7.62));
#4200=DIRECTION('',(0.0,-1.0,0.0));
#4201=DIRECTION('',(1.0,0.0,0.0));
#4202=DIRECTION('',(0.0,1.0,0.0));
#4203=CARTESIAN_POINT('',(4.15,8.1,2.54));
#4204=DIRECTION('',(0.0,-1.0,0.0));
#4205=DIRECTION('',(1.0,0.0,0.0));
#4206=DIRECTION('',(-0.0,-1.0,-0.0));
#4207=CARTESIAN_POINT('',(4.15,8.85,2.54));
#4208=DIRECTION('',(0.0,-1.0,0.0));
#4209=DIRECTION('',(1.0,0.0,0.0));
#4210=DIRECTION('',(0.0,1.0,0.0));
#4211=CARTESIAN_POINT('',(4.15,9.1,2.54));
#4212=DIRECTION('',(-0.0,1.0,0.0));
#4213=DIRECTION('',(1.0,0.0,0.0));
#4214=DIRECTION('',(-0.0,-1.0,0.0));
#4215=CARTESIAN_POINT('',(4.15,8.85,2.54));
#4216=DIRECTION('',(0.0,-1.0,0.0));
#4217=DIRECTION('',(1.0,0.0,0.0));
#4218=DIRECTION('',(0.0,1.0,0.0));
#4219=CARTESIAN_POINT('',(4.15,8.1,7.62));
#4220=DIRECTION('',(0.0,-1.0,0.0));
#4221=DIRECTION('',(1.0,0.0,0.0));
#4222=DIRECTION('',(-0.0,-1.0,-0.0));
#4223=CARTESIAN_POINT('',(4.15,8.85,7.62));
#4224=DIRECTION('',(0.0,-1.0,0.0));
#4225=DIRECTION('',(1.0,0.0,0.0));
#4226=DIRECTION('',(0.0,1.0,0.0));
#4227=CARTESIAN_POINT('',(4.15,9.1,7.62));
#4228=DIRECTION('',(-0.0,1.0,0.0));
#4229=DIRECTION('',(1.0,0.0,0.0));
#4230=DIRECTION('',(0.0,-1.0,0.0));
#4231=CARTESIAN_POINT('',(4.15,8.85,7.62));
#4232=DIRECTION('',(0.0,-1.0,0.0));
#4233=DIRECTION('',(1.0,0.0,0.0));
#4234=DIRECTION('',(3.74915180455534E-33,1.0,6.12303176911189E-17));
#4235=DIRECTION('',(-6.12303176911189E-17,-2.30438333917943E-33,-1.0));
#4236=DIRECTION('',(0.0,-1.0,0.0));
#4237=DIRECTION('',(6.12303176911189E-17,0.0,1.0));
#4238=DIRECTION('',(-5.91124421789506E-33,-1.0,-9.65411325761006E-17));
#4239=DIRECTION('',(6.12303176911189E-17,0.0,1.0));
#4240=DIRECTION('',(-1.0,-3.76346788008528E-17,6.12303176911189E-17));
#4241=DIRECTION('',(0.0,-1.0,0.0));
#4242=DIRECTION('',(-1.0,0.0,6.12303176911189E-17));
#4243=DIRECTION('',(-1.0,0.0,0.0));
#4244=DIRECTION('',(8.88178419700125E-17,1.0,0.0));
#4245=CARTESIAN_POINT('',(1.5,0.5,6.27));
#4246=DIRECTION('',(0.0,0.0,1.0));
#4247=DIRECTION('',(1.0,0.0,0.0));
#4248=DIRECTION('',(0.0,0.0,-1.0));
#4249=DIRECTION('',(0.0,-1.0,0.0));
#4250=DIRECTION('',(0.0,0.0,1.0));
#4251=DIRECTION('',(0.0,0.0,-1.0));
#4252=DIRECTION('',(-5.41572207134223E-17,-1.0,-0.0));
#4253=DIRECTION('',(0.0,0.0,1.0));
#4254=DIRECTION('',(0.0,1.0,0.0));
#4255=DIRECTION('',(8.88178419700125E-17,1.0,6.12303176911189E-17));
#4256=DIRECTION('',(0.0,0.0,1.0));
#4257=DIRECTION('',(-8.88178419700125E-17,-1.0,-6.12303176911189E-17));
#4258=DIRECTION('',(0.0,0.0,1.0));
#4259=DIRECTION('',(-1.0,0.0,0.0));
#4260=CARTESIAN_POINT('',(3.75,0.25,6.945));
#4261=DIRECTION('',(0.0,0.0,1.0));
#4262=DIRECTION('',(1.0,0.0,0.0));
#4263=DIRECTION('',(0.0,1.0,0.0));
#4264=DIRECTION('',(1.0,0.0,0.0));
#4265=DIRECTION('',(-3.74915180455534E-33,-1.0,-6.12303176911189E-17));
#4266=DIRECTION('',(6.12303176911189E-17,0.0,1.0));
#4267=DIRECTION('',(5.91124421789506E-33,1.0,9.65411325761006E-17));
#4268=DIRECTION('',(6.12303176911189E-17,0.0,1.0));
#4269=DIRECTION('',(0.0,1.0,0.0));
#4270=DIRECTION('',(-6.12303176911189E-17,-2.30438333917943E-33,-1.0));
#4271=DIRECTION('',(1.0,3.76346788008528E-17,-6.12303176911189E-17));
#4272=DIRECTION('',(-1.0,0.0,6.12303176911189E-17));
#4273=DIRECTION('',(0.0,-1.0,0.0));
#4274=DIRECTION('',(-1.0,0.0,6.12303176911189E-17));
#4275=DIRECTION('',(-6.12303176911189E-17,0.0,-1.0));
#4276=DIRECTION('',(-1.0,0.0,6.12303176911189E-17));
#4277=DIRECTION('',(5.91124421789506E-33,1.0,9.65411325761006E-17));
#4278=DIRECTION('',(-1.0,0.0,6.12303176911189E-17));
#4279=DIRECTION('',(-5.91124421789506E-33,-1.0,-9.65411325761006E-17));
#4280=DIRECTION('',(1.0,0.0,-6.12303176911189E-17));
#4281=DIRECTION('',(6.12303176911189E-17,0.0,1.0));
#4282=DIRECTION('',(6.12303176911189E-17,2.30438333917943E-33,1.0));
#4283=DIRECTION('',(-6.12303176911189E-17,0.0,-1.0));
#4284=DIRECTION('',(6.12303176911189E-17,2.30438333917943E-33,1.0));
#4285=DIRECTION('',(-3.74915180455534E-33,-1.0,-6.12303176911189E-17));
#4286=DIRECTION('',(-6.12303176911189E-17,0.0,-1.0));
#4287=DIRECTION('',(3.74915180455534E-33,1.0,6.12303176911189E-17));
#4288=DIRECTION('',(1.0,0.0,-3.04170691678125E-17));
#4289=DIRECTION('',(-1.0,-0.0,-0.0));
#4290=DIRECTION('',(1.0,0.0,-0.0));
#4291=CARTESIAN_POINT('',(1.5,0.5,8.97));
#4292=DIRECTION('',(0.0,0.0,-1.0));
#4293=DIRECTION('',(1.0,0.0,0.0));
#4294=DIRECTION('',(1.0,0.0,6.12303176911189E-17));
#4295=DIRECTION('',(-0.0,-0.0,-1.0));
#4296=DIRECTION('',(-1.0,-0.0,-6.12303176911189E-17));
#4297=DIRECTION('',(0.0,0.0,1.0));
#4298=DIRECTION('',(-1.0,0.0,0.0));
#4299=DIRECTION('',(0.0,0.0,1.0));
#4300=DIRECTION('',(0.0,0.0,1.0));
#4301=DIRECTION('',(0.0,0.0,1.0));
#4302=CARTESIAN_POINT('',(3.75,0.25,8.295));
#4303=DIRECTION('',(0.0,0.0,-1.0));
#4304=DIRECTION('',(1.0,0.0,0.0));
#4305=DIRECTION('',(0.0,0.0,1.0));
#4306=DIRECTION('',(1.0,0.0,-0.0));
#4307=DIRECTION('',(0.0,-1.0,0.0));
#4308=DIRECTION('',(0.0,0.0,-1.0));
#4309=DIRECTION('',(2.28957007403558E-17,1.0,1.39650694921403E-17));
#4310=DIRECTION('',(-2.28957007403558E-17,-1.0,2.09476042382105E-16));
#4311=CARTESIAN_POINT('',(4.0,-3.725,7.62));
#4312=DIRECTION('',(1.0,-2.28957007403558E-17,-3.2097735409608E-50));
#4313=DIRECTION('',(0.0,1.40191103009277E-33,-1.0));
#4314=DIRECTION('',(0.0,0.0,1.0));
#4315=CARTESIAN_POINT('',(4.0,-3.725,7.62));
#4316=DIRECTION('',(1.0,-2.28957007403558E-17,-3.2097735409608E-50));
#4317=DIRECTION('',(0.0,1.40191103009277E-33,-1.0));
#4318=DIRECTION('',(0.0,1.0,-2.09476042382105E-16));
#4319=DIRECTION('',(1.0,0.0,6.12303176911189E-17));
#4320=DIRECTION('',(0.0,0.0,1.0));
#4321=DIRECTION('',(-0.0,-1.0,-1.39650694921403E-17));
#4322=CARTESIAN_POINT('',(3.5,-3.725,7.62));
#4323=DIRECTION('',(-1.0,0.0,0.0));
#4324=DIRECTION('',(0.0,0.0,-1.0));
#4325=CARTESIAN_POINT('',(3.5,-3.725,7.62));
#4326=DIRECTION('',(-1.0,0.0,0.0));
#4327=DIRECTION('',(0.0,0.0,-1.0));
#4328=DIRECTION('',(1.0,0.0,6.12303176911189E-17));
#4329=DIRECTION('',(-1.0,0.0,3.04170691678125E-17));
#4330=DIRECTION('',(-0.258819045102521,-0.965925826289068,-5.12714284129056E-17));
#4331=DIRECTION('',(0.0,1.0,6.12303176911189E-17));
#4332=DIRECTION('',(1.0,3.76346788008528E-17,-3.04170691678125E-17));
#4333=DIRECTION('',(1.0,3.76346788008528E-17,-3.04170691678125E-17));
#4334=DIRECTION('',(1.0,0.0,0.0));
#4335=DIRECTION('',(0.0,0.0,1.0));
#4336=DIRECTION('',(-1.0,-3.76346788008528E-17,-2.30438333917943E-33));
#4337=DIRECTION('',(0.0,1.0,6.12303176911189E-17));
#4338=DIRECTION('',(0.258819045102521,0.965925826289068,5.91439452097361E-17));
#4339=DIRECTION('',(0.0,0.0,-1.0));
#4340=DIRECTION('',(1.0,0.0,0.0));
#4341=DIRECTION('',(0.0,0.0,-1.0));
#4342=DIRECTION('',(-1.0,0.0,0.0));
#4343=DIRECTION('',(0.0,0.0,-1.0));
#4344=DIRECTION('',(3.74915180455534E-33,1.0,6.12303176911189E-17));
#4345=DIRECTION('',(-6.12303176911189E-17,-2.30438333917943E-33,-1.0));
#4346=DIRECTION('',(0.0,-1.0,0.0));
#4347=DIRECTION('',(6.12303176911189E-17,0.0,1.0));
#4348=DIRECTION('',(-5.91124421789506E-33,-1.0,-9.65411325761006E-17));
#4349=DIRECTION('',(6.12303176911189E-17,0.0,1.0));
#4350=DIRECTION('',(-1.0,-3.76346788008528E-17,6.12303176911189E-17));
#4351=DIRECTION('',(0.0,-1.0,0.0));
#4352=DIRECTION('',(-1.0,0.0,6.12303176911189E-17));
#4353=DIRECTION('',(-1.0,0.0,0.0));
#4354=DIRECTION('',(8.88178419700125E-17,1.0,0.0));
#4355=CARTESIAN_POINT('',(1.5,0.5,1.19));
#4356=DIRECTION('',(0.0,0.0,1.0));
#4357=DIRECTION('',(1.0,0.0,0.0));
#4358=DIRECTION('',(0.0,0.0,-1.0));
#4359=DIRECTION('',(0.0,-1.0,0.0));
#4360=DIRECTION('',(0.0,0.0,1.0));
#4361=DIRECTION('',(0.0,0.0,-1.0));
#4362=DIRECTION('',(-5.41572207134223E-17,-1.0,-0.0));
#4363=DIRECTION('',(0.0,0.0,1.0));
#4364=DIRECTION('',(0.0,1.0,0.0));
#4365=DIRECTION('',(8.88178419700125E-17,1.0,6.12303176911189E-17));
#4366=DIRECTION('',(0.0,0.0,1.0));
#4367=DIRECTION('',(-8.88178419700125E-17,-1.0,-6.12303176911189E-17));
#4368=DIRECTION('',(0.0,0.0,1.0));
#4369=DIRECTION('',(-1.0,0.0,0.0));
#4370=CARTESIAN_POINT('',(3.75,0.25,1.865));
#4371=DIRECTION('',(0.0,0.0,1.0));
#4372=DIRECTION('',(1.0,0.0,0.0));
#4373=DIRECTION('',(0.0,1.0,0.0));
#4374=DIRECTION('',(1.0,0.0,0.0));
#4375=DIRECTION('',(-3.74915180455534E-33,-1.0,-6.12303176911189E-17));
#4376=DIRECTION('',(6.12303176911189E-17,0.0,1.0));
#4377=DIRECTION('',(5.91124421789506E-33,1.0,9.65411325761006E-17));
#4378=DIRECTION('',(6.12303176911189E-17,0.0,1.0));
#4379=DIRECTION('',(0.0,1.0,0.0));
#4380=DIRECTION('',(-6.12303176911189E-17,-2.30438333917943E-33,-1.0));
#4381=DIRECTION('',(1.0,3.76346788008528E-17,-6.12303176911189E-17));
#4382=DIRECTION('',(-1.0,0.0,6.12303176911189E-17));
#4383=DIRECTION('',(0.0,-1.0,0.0));
#4384=DIRECTION('',(-1.0,0.0,6.12303176911189E-17));
#4385=DIRECTION('',(-6.12303176911189E-17,0.0,-1.0));
#4386=DIRECTION('',(-1.0,0.0,6.12303176911189E-17));
#4387=DIRECTION('',(5.91124421789506E-33,1.0,9.65411325761006E-17));
#4388=DIRECTION('',(-1.0,0.0,6.12303176911189E-17));
#4389=DIRECTION('',(-5.91124421789506E-33,-1.0,-9.65411325761006E-17));
#4390=DIRECTION('',(1.0,0.0,-6.12303176911189E-17));
#4391=DIRECTION('',(6.12303176911189E-17,0.0,1.0));
#4392=DIRECTION('',(6.12303176911189E-17,2.30438333917943E-33,1.0));
#4393=DIRECTION('',(-6.12303176911189E-17,0.0,-1.0));
#4394=DIRECTION('',(6.12303176911189E-17,2.30438333917943E-33,1.0));
#4395=DIRECTION('',(-3.74915180455534E-33,-1.0,-6.12303176911189E-17));
#4396=DIRECTION('',(-6.12303176911189E-17,0.0,-1.0));
#4397=DIRECTION('',(3.74915180455534E-33,1.0,6.12303176911189E-17));
#4398=DIRECTION('',(1.0,0.0,-3.04170691678125E-17));
#4399=DIRECTION('',(-1.0,-0.0,-0.0));
#4400=DIRECTION('',(1.0,0.0,-0.0));
#4401=CARTESIAN_POINT('',(1.5,0.5,3.89));
#4402=DIRECTION('',(0.0,0.0,-1.0));
#4403=DIRECTION('',(1.0,0.0,0.0));
#4404=DIRECTION('',(1.0,0.0,6.12303176911189E-17));
#4405=DIRECTION('',(-0.0,-0.0,-1.0));
#4406=DIRECTION('',(-1.0,-0.0,-6.12303176911189E-17));
#4407=DIRECTION('',(0.0,0.0,1.0));
#4408=DIRECTION('',(-1.0,0.0,0.0));
#4409=DIRECTION('',(0.0,0.0,1.0));
#4410=DIRECTION('',(0.0,0.0,1.0));
#4411=DIRECTION('',(0.0,0.0,1.0));
#4412=CARTESIAN_POINT('',(3.75,0.25,3.215));
#4413=DIRECTION('',(0.0,0.0,-1.0));
#4414=DIRECTION('',(1.0,0.0,0.0));
#4415=DIRECTION('',(0.0,0.0,1.0));
#4416=DIRECTION('',(1.0,0.0,-0.0));
#4417=DIRECTION('',(0.0,-1.0,0.0));
#4418=DIRECTION('',(0.0,0.0,-1.0));
#4419=DIRECTION('',(2.28957007403558E-17,1.0,1.39650694921403E-17));
#4420=DIRECTION('',(-2.28957007403558E-17,-1.0,2.09476042382105E-16));
#4421=CARTESIAN_POINT('',(4.0,-3.725,2.54));
#4422=DIRECTION('',(1.0,-2.28957007403558E-17,-3.2097735409608E-50));
#4423=DIRECTION('',(0.0,1.40191103009277E-33,-1.0));
#4424=DIRECTION('',(0.0,0.0,1.0));
#4425=CARTESIAN_POINT('',(4.0,-3.725,2.54));
#4426=DIRECTION('',(1.0,-2.28957007403558E-17,-3.2097735409608E-50));
#4427=DIRECTION('',(0.0,1.40191103009277E-33,-1.0));
#4428=DIRECTION('',(0.0,1.0,-2.09476042382105E-16));
#4429=DIRECTION('',(1.0,0.0,6.12303176911189E-17));
#4430=DIRECTION('',(0.0,0.0,1.0));
#4431=DIRECTION('',(-0.0,-1.0,-1.39650694921403E-17));
#4432=CARTESIAN_POINT('',(3.5,-3.725,2.54));
#4433=DIRECTION('',(-1.0,0.0,0.0));
#4434=DIRECTION('',(0.0,0.0,-1.0));
#4435=CARTESIAN_POINT('',(3.5,-3.725,2.54));
#4436=DIRECTION('',(-1.0,0.0,0.0));
#4437=DIRECTION('',(0.0,0.0,-1.0));
#4438=DIRECTION('',(1.0,0.0,6.12303176911189E-17));
#4439=DIRECTION('',(-1.0,0.0,3.04170691678125E-17));
#4440=DIRECTION('',(-0.258819045102521,-0.965925826289068,-5.12714284129056E-17));
#4441=DIRECTION('',(0.0,1.0,6.12303176911189E-17));
#4442=DIRECTION('',(1.0,3.76346788008528E-17,-3.04170691678125E-17));
#4443=DIRECTION('',(1.0,3.76346788008528E-17,-3.04170691678125E-17));
#4444=DIRECTION('',(1.0,0.0,0.0));
#4445=DIRECTION('',(0.0,0.0,1.0));
#4446=DIRECTION('',(-1.0,-3.76346788008528E-17,-2.30438333917943E-33));
#4447=DIRECTION('',(0.0,1.0,6.12303176911189E-17));
#4448=DIRECTION('',(0.258819045102521,0.965925826289068,5.91439452097361E-17));
#4449=DIRECTION('',(0.0,0.0,-1.0));
#4450=DIRECTION('',(1.0,0.0,0.0));
#4451=DIRECTION('',(0.0,0.0,-1.0));
#4452=DIRECTION('',(-1.0,0.0,0.0));
#4453=DIRECTION('',(0.0,0.0,-1.0));
#4454=CARTESIAN_POINT('',(4.15,8.85,7.62));
#4455=DIRECTION('',(0.0,-1.0,0.0));
#4456=DIRECTION('',(1.0,0.0,0.0));
#4457=DIRECTION('',(0.0,1.0,0.0));
#4458=CARTESIAN_POINT('',(4.15,9.1,7.62));
#4459=DIRECTION('',(-0.0,1.0,0.0));
#4460=DIRECTION('',(1.0,0.0,0.0));
#4461=DIRECTION('',(0.0,-1.0,0.0));
#4462=CARTESIAN_POINT('',(4.15,8.85,7.62));
#4463=DIRECTION('',(0.0,-1.0,0.0));
#4464=DIRECTION('',(1.0,0.0,0.0));
#4465=CARTESIAN_POINT('',(4.15,8.1,7.62));
#4466=DIRECTION('',(0.0,-1.0,0.0));
#4467=DIRECTION('',(1.0,0.0,0.0));
#4468=DIRECTION('',(-1.0,0.0,0.0));
#4469=DIRECTION('',(1.0,0.0,0.0));
#4470=DIRECTION('',(1.0,0.0,0.0));
#4471=DIRECTION('',(-1.0,0.0,0.0));
#4472=CARTESIAN_POINT('',(4.15,8.85,2.54));
#4473=DIRECTION('',(0.0,-1.0,0.0));
#4474=DIRECTION('',(1.0,0.0,0.0));
#4475=DIRECTION('',(0.0,1.0,0.0));
#4476=CARTESIAN_POINT('',(4.15,9.1,2.54));
#4477=DIRECTION('',(-0.0,1.0,0.0));
#4478=DIRECTION('',(1.0,0.0,0.0));
#4479=DIRECTION('',(-0.0,-1.0,0.0));
#4480=CARTESIAN_POINT('',(4.15,8.85,2.54));
#4481=DIRECTION('',(0.0,-1.0,0.0));
#4482=DIRECTION('',(1.0,0.0,0.0));
#4483=CARTESIAN_POINT('',(4.15,8.1,2.54));
#4484=DIRECTION('',(0.0,-1.0,0.0));
#4485=DIRECTION('',(1.0,0.0,0.0));
#4486=DIRECTION('',(-1.0,0.0,0.0));
#4487=DIRECTION('',(1.0,0.0,0.0));
#4488=DIRECTION('',(1.0,0.0,0.0));
#4489=DIRECTION('',(-1.0,0.0,0.0));
#4490=DIRECTION('',(1.0,0.0,-0.0));
#4491=DIRECTION('',(0.0,-1.0,0.0));
#4492=DIRECTION('',(0.0,1.0,0.0));
#4493=DIRECTION('',(-0.0,-0.0,-1.0));
#4494=DIRECTION('',(0.0,-1.0,0.0));
#4495=DIRECTION('',(-1.0,0.0,0.0));
#4496=DIRECTION('',(0.0,1.0,0.0));
#4497=DIRECTION('',(-0.0,0.0,1.0));
#4498=DIRECTION('',(1.0,0.0,-0.0));
#4499=DIRECTION('',(0.0,-1.0,0.0));
#4500=DIRECTION('',(0.0,1.0,0.0));
#4501=DIRECTION('',(-0.0,-0.0,-1.0));
#4502=DIRECTION('',(0.0,-1.0,0.0));
#4503=DIRECTION('',(-1.0,0.0,0.0));
#4504=DIRECTION('',(0.0,1.0,0.0));
#4505=DIRECTION('',(-0.0,0.0,1.0));
#4506=DIRECTION('',(0.935113126531029,-0.250562807085732,0.250562807085732));
#4507=DIRECTION('',(-0.965925826289068,-8.57914473940962E-16,-0.258819045102521));
#4508=DIRECTION('',(-0.0,1.0,6.12303176911189E-17));
#4509=DIRECTION('',(-1.0,-3.76346788008528E-17,-2.30438333917943E-33));
#4510=DIRECTION('',(0.965925826289068,8.57914473940962E-16,-0.258819045102521));
#4511=DIRECTION('',(-0.935113126531029,0.250562807085732,0.250562807085732));
#4512=DIRECTION('',(0.0,-1.0,-6.12303176911189E-17));
#4513=DIRECTION('',(0.0,0.0,1.0));
#4514=DIRECTION('',(0.0,0.0,1.0));
#4515=DIRECTION('',(0.0,0.0,-1.0));
#4516=DIRECTION('',(-0.0,0.0,1.0));
#4517=DIRECTION('',(0.935113126531029,-0.250562807085732,0.250562807085732));
#4518=DIRECTION('',(-0.965925826289068,-8.57914473940962E-16,-0.258819045102521));
#4519=DIRECTION('',(-0.0,1.0,6.12303176911189E-17));
#4520=DIRECTION('',(-1.0,-3.76346788008528E-17,-2.30438333917943E-33));
#4521=DIRECTION('',(0.965925826289068,8.57914473940962E-16,-0.258819045102521));
#4522=DIRECTION('',(-0.935113126531029,0.250562807085732,0.250562807085732));
#4523=DIRECTION('',(0.0,-1.0,-6.12303176911189E-17));
#4524=DIRECTION('',(0.0,0.0,1.0));
#4525=DIRECTION('',(0.0,0.0,1.0));
#4526=DIRECTION('',(0.0,0.0,-1.0));
#4527=DIRECTION('',(-0.0,0.0,1.0));
#4528=CARTESIAN_POINT('',(4.15,8.1,7.62));
#4529=DIRECTION('',(0.0,-1.0,0.0));
#4530=DIRECTION('',(1.0,0.0,0.0));
#4531=CARTESIAN_POINT('',(4.15,10.1,7.62));
#4532=DIRECTION('',(3.49950599780297E-16,-1.0,-0.0));
#4533=DIRECTION('',(1.0,3.49950599780297E-16,0.0));
#4534=CARTESIAN_POINT('',(4.15,8.1,2.54));
#4535=DIRECTION('',(0.0,-1.0,0.0));
#4536=DIRECTION('',(1.0,0.0,0.0));
#4537=CARTESIAN_POINT('',(4.15,10.1,2.54));
#4538=DIRECTION('',(3.49950599780297E-16,-1.0,-0.0));
#4539=DIRECTION('',(1.0,3.49950599780297E-16,0.0));
#4540=DIRECTION('',(4.07772991164276E-17,1.0,0.0));
#4541=DIRECTION('',(0.0,0.0,1.0));
#4542=DIRECTION('',(4.07772991164276E-17,1.0,0.0));
#4543=DIRECTION('',(0.0,0.0,1.0));
#4544=DIRECTION('',(0.258819045102521,0.965925826289068,0.0));
#4545=DIRECTION('',(0.0,0.0,1.0));
#4546=DIRECTION('',(0.258819045102521,0.965925826289068,0.0));
#4547=DIRECTION('',(1.0,3.49950599780297E-16,0.0));
#4548=DIRECTION('',(0.0,0.0,1.0));
#4549=DIRECTION('',(1.0,3.49950599780297E-16,0.0));
#4550=DIRECTION('',(0.258819045102521,-0.965925826289068,0.0));
#4551=DIRECTION('',(0.0,0.0,1.0));
#4552=DIRECTION('',(-0.258819045102521,0.965925826289068,0.0));
#4553=DIRECTION('',(1.0,0.0,0.0));
#4554=DIRECTION('',(0.0,0.0,1.0));
#4555=DIRECTION('',(-1.0,0.0,0.0));
#4556=DIRECTION('',(-0.0,-1.0,-0.0));
#4557=DIRECTION('',(0.0,0.0,1.0));
#4558=DIRECTION('',(0.0,1.0,0.0));
#4559=DIRECTION('',(-1.0,-0.0,-0.0));
#4560=DIRECTION('',(1.0,0.0,0.0));
ENDSEC;
END-ISO-10303-21;
